ticker,date,open,high,low,close,volume,closeadjusted
IGLN.UK,30/03/2015,23.515,23.57,23.477,23.478,31748,23.478
IGLN.UK,31/03/2015,23.355,23.545,23.355,23.545,16101,23.545
IGLN.UK,1/04/2015,23.48,23.548,23.42,23.548,39140,23.548
IGLN.UK,2/04/2015,23.87,23.88,23.71,23.725,128158,23.725
IGLN.UK,7/04/2015,24.007,24.04,23.993,24.032,102789,24.032
IGLN.UK,8/04/2015,23.964,23.964,23.843,23.863,11657,23.863
IGLN.UK,9/04/2015,23.683,23.795,23.66,23.675,67962,23.675
IGLN.UK,10/04/2015,23.6,23.948,23.6,23.917,47685,23.917
IGLN.UK,13/04/2015,23.725,23.725,23.725,23.725,1964,23.725
IGLN.UK,14/04/2015,23.633,23.695,23.633,23.65,30792,23.65
IGLN.UK,15/04/2015,23.61,23.68,23.545,23.668,51486,23.668
IGLN.UK,16/04/2015,23.873,23.91,23.683,23.708,14279,23.708
IGLN.UK,17/04/2015,23.851,23.89,23.851,23.883,4530,23.883
IGLN.UK,20/04/2015,23.847,23.847,23.608,23.635,143438,23.635
IGLN.UK,21/04/2015,23.65,23.768,23.65,23.69,31694,23.69
IGLN.UK,22/04/2015,23.845,23.845,23.5,23.5,10745,23.5
IGLN.UK,23/04/2015,23.502,23.582,23.5,23.573,183455,23.573
IGLN.UK,24/04/2015,23.595,23.598,23.34,23.363,30793,23.363
IGLN.UK,27/04/2015,23.428,23.825,23.395,23.808,22125,23.808
IGLN.UK,28/04/2015,12.78,24.045,12.78,24.045,24079,24.045
IGLN.UK,29/04/2015,23.918,24.01,23.885,23.978,29867,23.978
IGLN.UK,30/04/2015,23.81,23.903,23.373,23.373,13894,23.373
IGLN.UK,1/05/2015,23.24,23.298,23.24,23.298,6793,23.298
IGLN.UK,5/05/2015,23.563,23.73,23.515,23.713,13959,23.713
IGLN.UK,6/05/2015,23.6,23.68,23.545,23.566,32794,23.566
IGLN.UK,7/05/2015,23.425,23.516,23.383,23.438,4744,23.438
IGLN.UK,8/05/2015,23.455,23.59,23.455,23.488,10401,23.488
IGLN.UK,11/05/2015,23.48,23.51,23.37,23.37,48017,23.37
IGLN.UK,12/05/2015,23.658,23.658,23.563,23.593,12352,23.593
IGLN.UK,13/05/2015,23.668,23.871,23.583,23.871,79426,23.871
IGLN.UK,14/05/2015,24.095,24.235,24.088,24.175,18270,24.175
IGLN.UK,15/05/2015,24.1,24.1,24.03,24.04,12437,24.04
IGLN.UK,18/05/2015,24.323,24.323,24.275,24.275,61781,24.275
IGLN.UK,19/05/2015,24.248,24.248,23.9,23.92,21530,23.92
IGLN.UK,20/05/2015,23.895,24,23.895,24,6197,24
IGLN.UK,21/05/2015,23.98,23.98,23.858,23.863,23299,23.863
IGLN.UK,22/05/2015,24.028,24.028,23.85,23.91,34150,23.91
IGLN.UK,26/05/2015,23.733,23.733,23.5,23.515,47605,23.515
IGLN.UK,27/05/2015,23.55,23.55,23.473,23.513,11187,23.513
IGLN.UK,28/05/2015,23.562,23.562,23.418,23.515,10784,23.515
IGLN.UK,29/05/2015,23.563,23.633,23.535,23.544,55196,23.544
IGLN.UK,1/06/2015,23.473,23.82,23.473,23.655,117608,23.655
IGLN.UK,2/06/2015,23.547,23.633,23.475,23.618,230405,23.618
IGLN.UK,3/06/2015,23.547,23.57,23.52,23.56,35066,23.56
IGLN.UK,4/06/2015,23.408,23.408,23.25,23.25,26749,23.25
IGLN.UK,5/06/2015,23.29,23.29,23.05,23.05,3186,23.05
IGLN.UK,8/06/2015,23.193,23.193,23.18,23.18,11828,23.18
IGLN.UK,9/06/2015,23.396,23.396,23.298,23.303,4291,23.303
IGLN.UK,10/06/2015,23.44,23.538,23.44,23.538,37269,23.538
IGLN.UK,11/06/2015,23.485,23.485,23.343,23.35,59480,23.35
IGLN.UK,12/06/2015,23.4,23.41,23.34,23.41,23907,23.41
IGLN.UK,15/06/2015,23.36,23.41,23.36,23.403,31177,23.403
IGLN.UK,16/06/2015,23.417,23.417,23.35,23.35,8586,23.35
IGLN.UK,17/06/2015,23.35,23.35,23.298,23.298,3458,23.298
IGLN.UK,18/06/2015,23.698,23.77,23.698,23.76,11522,23.76
IGLN.UK,19/06/2015,23.74,23.823,23.74,23.823,6128,23.823
IGLN.UK,22/06/2015,23.628,23.628,23.388,23.483,14669,23.483
IGLN.UK,23/06/2015,23.405,23.44,23.29,23.313,42152,23.313
IGLN.UK,24/06/2015,23.265,23.33,23.173,23.194,33110,23.194
IGLN.UK,25/06/2015,23.24,23.282,23.207,23.248,9078,23.248
IGLN.UK,26/06/2015,23.232,23.24,23.13,23.203,128486,23.203
IGLN.UK,29/06/2015,23.303,23.345,23.263,23.345,5037,23.345
IGLN.UK,30/06/2015,23.285,23.285,23.19,23.19,9873,23.19
IGLN.UK,1/07/2015,23.239,23.24,23.205,23.215,24520,23.215
IGLN.UK,2/07/2015,23.063,23.09,22.92,23.09,3458,23.09
IGLN.UK,3/07/2015,23.126,23.153,23.118,23.118,3936,23.118
IGLN.UK,6/07/2015,23.033,23.08,23.033,23.08,8307,23.08
IGLN.UK,8/07/2015,22.713,22.98,22.713,22.97,35932,22.97
IGLN.UK,9/07/2015,23.038,23.07,22.965,23.07,8982,23.07
IGLN.UK,10/07/2015,22.98,23.023,22.933,22.933,19228,22.933
IGLN.UK,13/07/2015,22.968,22.968,22.828,22.843,24584,22.843
IGLN.UK,14/07/2015,22.833,22.913,22.825,22.881,44475,22.881
IGLN.UK,15/07/2015,22.86,22.865,22.623,22.67,303238,22.67
IGLN.UK,16/07/2015,22.688,22.7,22.608,22.695,234544,22.695
IGLN.UK,17/07/2015,22.663,22.663,22.42,22.435,20549,22.435
IGLN.UK,20/07/2015,22.12,22.12,21.843,21.955,14878,21.955
IGLN.UK,21/07/2015,21.848,21.92,21.848,21.92,1660,21.92
IGLN.UK,22/07/2015,21.638,21.673,21.51,21.6,10551,21.6
IGLN.UK,23/07/2015,21.673,21.85,21.673,21.698,40615,21.698
IGLN.UK,24/07/2015,21.42,21.517,21.4,21.517,17612,21.517
IGLN.UK,27/07/2015,21.833,21.833,21.655,21.71,19772,21.71
IGLN.UK,28/07/2015,21.67,21.678,21.62,21.678,12487,21.678
IGLN.UK,29/07/2015,21.73,21.73,21.59,21.59,88769,21.59
IGLN.UK,30/07/2015,21.518,21.673,21.498,21.625,9325,21.625
IGLN.UK,31/07/2015,21.41,21.73,21.395,21.638,9405,21.638
IGLN.UK,3/08/2015,21.608,21.625,21.608,21.625,200,21.625
IGLN.UK,4/08/2015,21.59,21.623,21.59,21.623,8293,21.623
IGLN.UK,5/08/2015,21.483,21.578,21.461,21.461,16871,21.461
IGLN.UK,6/08/2015,21.475,21.54,21.475,21.538,11858,21.538
IGLN.UK,7/08/2015,21.675,21.705,21.443,21.685,12066,21.685
IGLN.UK,10/08/2015,21.65,21.93,21.65,21.93,17326,21.93
IGLN.UK,11/08/2015,21.723,22.032,21.723,21.943,13909,21.943
IGLN.UK,12/08/2015,22.13,22.213,22.085,22.213,10923,22.213
IGLN.UK,13/08/2015,22.143,22.143,22.06,22.06,500,22.06
IGLN.UK,14/08/2015,22.1,22.133,22.003,22.003,11157,22.003
IGLN.UK,17/08/2015,22.11,22.18,22.09,22.11,39248,22.11
IGLN.UK,18/08/2015,22.105,22.165,21.948,22.068,16436,22.068
IGLN.UK,19/08/2015,22.208,22.33,22.153,22.31,11695,22.31
IGLN.UK,20/08/2015,22.52,22.748,22.485,22.728,20692,22.728
IGLN.UK,21/08/2015,22.913,22.913,22.743,22.878,9858,22.878
IGLN.UK,24/08/2015,22.84,23.13,22.84,22.968,33153,22.968
IGLN.UK,25/08/2015,22.763,22.763,22.465,22.47,22011,22.47
IGLN.UK,26/08/2015,22.493,22.493,22.22,22.22,77445,22.22
IGLN.UK,27/08/2015,22.335,22.335,22.168,22.213,4314,22.213
IGLN.UK,28/08/2015,22.36,22.493,22.283,22.493,3249,22.493
IGLN.UK,1/09/2015,22.628,22.693,22.533,22.533,5430,22.533
IGLN.UK,2/09/2015,22.57,22.57,22.438,22.45,14392,22.45
IGLN.UK,3/09/2015,22.403,22.403,22.22,22.22,16842,22.22
IGLN.UK,4/09/2015,22.24,22.293,22.24,22.293,2679,22.293
IGLN.UK,7/09/2015,22.16,22.16,22.088,22.118,4139,22.118
IGLN.UK,8/09/2015,22.148,22.203,22.148,22.193,28106,22.193
IGLN.UK,9/09/2015,22.188,22.188,21.943,21.943,11969,21.943
IGLN.UK,10/09/2015,21.908,21.988,21.888,21.988,6739,21.988
IGLN.UK,11/09/2015,21.898,21.91,21.875,21.876,31500,21.876
IGLN.UK,14/09/2015,21.893,21.893,21.88,21.88,68028,21.88
IGLN.UK,15/09/2015,21.905,21.905,21.87,21.87,3136,21.87
IGLN.UK,16/09/2015,21.92,22.17,21.911,22.17,21886,22.17
IGLN.UK,17/09/2015,22.183,22.183,22.087,22.087,6118,22.087
IGLN.UK,18/09/2015,22.518,22.56,22.43,22.56,14054,22.56
IGLN.UK,21/09/2015,22.53,22.53,22.383,22.39,13146,22.39
IGLN.UK,22/09/2015,22.35,22.35,22.23,22.28,187670,22.28
IGLN.UK,23/09/2015,22.3,22.425,22.263,22.395,7934,22.395
IGLN.UK,24/09/2015,22.488,23,22.44,23,27288,23
IGLN.UK,25/09/2015,22.61,22.683,22.595,22.65,6521,22.65
IGLN.UK,28/09/2015,22.508,22.508,22.355,22.425,27308,22.425
IGLN.UK,29/09/2015,22.288,22.288,22.258,22.258,3346,22.258
IGLN.UK,30/09/2015,22.233,22.233,22.02,22.03,4062,22.03
IGLN.UK,1/10/2015,21.995,22.11,21.995,22.064,723041,22.064
IGLN.UK,2/10/2015,22.393,22.547,22.393,22.515,25135,22.515
IGLN.UK,5/10/2015,22.448,22.589,22.408,22.455,240735,22.455
IGLN.UK,6/10/2015,22.513,22.745,22.49,22.728,19908,22.728
IGLN.UK,7/10/2015,22.733,22.808,22.668,22.698,34478,22.698
IGLN.UK,8/10/2015,22.62,22.648,22.5,22.628,70549,22.628
IGLN.UK,9/10/2015,22.685,22.898,22.685,22.898,15544,22.898
IGLN.UK,12/10/2015,23.033,23.093,22.97,22.983,27626,22.983
IGLN.UK,13/10/2015,22.898,23.078,22.834,23.078,9426,23.078
IGLN.UK,14/10/2015,23.23,23.313,23.045,23.298,66899,23.298
IGLN.UK,15/10/2015,23.41,23.545,23.273,23.463,52956,23.463
IGLN.UK,16/10/2015,23.27,23.428,23.27,23.4,8745,23.4
IGLN.UK,19/10/2015,23.178,23.303,23.178,23.255,3751,23.255
IGLN.UK,20/10/2015,23.213,23.353,23.188,23.325,13465,23.325
IGLN.UK,21/10/2015,23.24,23.29,23.03,23.07,13876,23.07
IGLN.UK,22/10/2015,23.145,23.178,22.993,22.993,5399,22.993
IGLN.UK,23/10/2015,23.202,23.325,22.961,23.045,15935,23.045
IGLN.UK,26/10/2015,23.045,23.223,22.895,23.05,9493,23.05
IGLN.UK,27/10/2015,23.06,23.218,22.978,23.075,9088,23.075
IGLN.UK,28/10/2015,23.15,23.38,23.15,23.293,16971,23.293
IGLN.UK,29/10/2015,22.975,22.975,22.72,22.743,15712,22.743
IGLN.UK,30/10/2015,22.717,22.717,22.533,22.583,76037,22.583
IGLN.UK,2/11/2015,22.478,22.57,22.413,22.57,26855,22.57
IGLN.UK,3/11/2015,22.375,22.4,22.193,22.26,23837,22.26
IGLN.UK,4/11/2015,22.138,22.143,22.01,22.073,26261,22.073
IGLN.UK,5/11/2015,21.907,21.928,21.8,21.88,133262,21.88
IGLN.UK,6/11/2015,21.915,21.96,21.308,21.493,19840,21.493
IGLN.UK,9/11/2015,21.648,21.648,21.53,21.563,25427,21.563
IGLN.UK,10/11/2015,21.628,21.628,21.487,21.57,43477,21.57
IGLN.UK,11/11/2015,21.587,21.587,21.5,21.5,82100,21.5
IGLN.UK,12/11/2015,21.495,21.518,21.3,21.333,15419,21.333
IGLN.UK,13/11/2015,21.34,21.51,21.34,21.4,11440,21.4
IGLN.UK,16/11/2015,21.578,21.658,21.45,21.476,23593,21.476
IGLN.UK,17/11/2015,21.37,21.37,21.25,21.255,9297,21.255
IGLN.UK,18/11/2015,21.161,21.193,21.14,21.143,228804,21.143
IGLN.UK,19/11/2015,21.28,21.425,21.233,21.42,73858,21.42
IGLN.UK,20/11/2015,21.37,21.478,21.333,21.333,10072,21.333
IGLN.UK,23/11/2015,21.163,21.235,21.135,21.135,29264,21.135
IGLN.UK,24/11/2015,21.223,21.333,21.223,21.25,5598,21.25
IGLN.UK,25/11/2015,21.295,21.295,21.128,21.128,18870,21.128
IGLN.UK,26/11/2015,21.183,21.205,21.168,21.17,7288,21.17
IGLN.UK,27/11/2015,21.143,21.143,20.853,20.905,26579,20.905
IGLN.UK,30/11/2015,20.901,21.028,20.895,21.028,4046,21.028
IGLN.UK,1/12/2015,21.148,21.148,21.073,21.073,14604,21.073
IGLN.UK,2/12/2015,21.125,21.125,20.878,20.88,23089,20.88
IGLN.UK,3/12/2015,20.75,20.983,20.75,20.89,33805,20.89
IGLN.UK,4/12/2015,20.998,21.488,20.993,21.488,20032,21.488
IGLN.UK,7/12/2015,21.405,21.42,21.263,21.295,12401,21.295
IGLN.UK,8/12/2015,21.228,21.293,21.183,21.258,9232,21.258
IGLN.UK,9/12/2015,21.325,21.345,21.158,21.203,10813,21.203
IGLN.UK,10/12/2015,21.24,21.253,21.168,21.208,265880,21.208
IGLN.UK,11/12/2015,21.16,21.283,21.05,21.27,14188,21.27
IGLN.UK,14/12/2015,21.08,21.213,21.08,21.163,11796,21.163
IGLN.UK,15/12/2015,21.02,21.08,20.998,21.005,17450,21.005
IGLN.UK,16/12/2015,21.075,21.265,21.013,21.265,13195,21.265
IGLN.UK,17/12/2015,21.13,21.13,20.8,20.805,22912,20.805
IGLN.UK,18/12/2015,20.86,21.105,20.86,21.048,11879,21.048
IGLN.UK,21/12/2015,21.11,21.273,21.11,21.253,11044,21.253
IGLN.UK,22/12/2015,21.33,21.358,21.253,21.263,13113,21.263
IGLN.UK,23/12/2015,21.221,21.221,21.12,21.18,18980,21.18
IGLN.UK,24/12/2015,21.22,21.22,21.208,21.208,5159,21.208
IGLN.UK,29/12/2015,21.238,21.238,21.128,21.128,11076,21.128
IGLN.UK,30/12/2015,21.15,21.165,20.96,20.9725,11900,20.9725
IGLN.UK,31/12/2015,20.9875,20.9875,20.9625,20.9625,1292,20.9625
IGLN.UK,4/01/2016,21.1925,21.3375,21.177,21.255,48848,21.255
IGLN.UK,5/01/2016,21.3075,21.365,21.2725,21.32,9965,21.32
IGLN.UK,6/01/2016,21.38,21.5875,21.38,21.5525,46331,21.5525
IGLN.UK,7/01/2016,21.6075,21.8675,21.6075,21.8675,32573,21.8675
IGLN.UK,8/01/2016,21.7675,21.8275,21.6675,21.8275,11128,21.8275
IGLN.UK,11/01/2016,21.8525,21.8525,21.6875,21.7488,150105,21.7488
IGLN.UK,12/01/2016,21.6575,21.7025,21.4625,21.5088,94092,21.5088
IGLN.UK,13/01/2016,21.45,21.5425,21.3675,21.5138,76717,21.5138
IGLN.UK,14/01/2016,21.57,21.57,21.3938,21.3938,24541,21.3938
IGLN.UK,15/01/2016,21.39,21.665,21.36,21.5175,22350,21.5175
IGLN.UK,18/01/2016,21.535,21.5825,21.51,21.5375,18601,21.5375
IGLN.UK,19/01/2016,21.555,21.61,21.4125,21.4638,24100,21.4638
IGLN.UK,20/01/2016,21.63,21.8125,21.6125,21.8125,33084,21.8125
IGLN.UK,21/01/2016,21.74,21.78,21.57,21.64,59877,21.64
IGLN.UK,22/01/2016,21.6725,21.77,21.6425,21.7325,471008,21.7325
IGLN.UK,25/01/2016,21.815,21.8875,21.81,21.8875,17597,21.8875
IGLN.UK,26/01/2016,22.03,22.1,21.9775,22.0925,17267,22.0925
IGLN.UK,27/01/2016,22.075,22.098,22.055,22.0675,15777,22.0675
IGLN.UK,28/01/2016,22.0925,22.1775,21.99,22.0475,50742,22.0475
IGLN.UK,29/01/2016,21.9925,22.1025,21.98,22.0688,17817,22.0688
IGLN.UK,1/02/2016,22.2,22.3025,22.1575,22.24,211409,22.24
IGLN.UK,2/02/2016,22.2225,22.3475,22.21,22.235,83796,22.235
IGLN.UK,3/02/2016,22.25,22.5275,22.25,22.5113,36479,22.5113
IGLN.UK,4/02/2016,22.6625,22.82,22.64,22.8125,418132,22.8125
IGLN.UK,5/02/2016,22.8325,22.9725,22.645,22.8438,187587,22.8438
IGLN.UK,8/02/2016,23.0275,23.705,23.0275,23.6175,69744,23.6175
IGLN.UK,9/02/2016,23.5525,23.6975,23.475,23.58,887288,23.58
IGLN.UK,10/02/2016,23.4775,23.5775,23.355,23.5713,432243,23.5713
IGLN.UK,11/02/2016,23.9175,24.88,23.87,24.7525,105291,24.7525
IGLN.UK,12/02/2016,24.565,24.565,24.3875,24.3962,1333339,24.3962
IGLN.UK,15/02/2016,24.01,24.01,23.755,23.8125,227127,23.8125
IGLN.UK,16/02/2016,23.675,24.04,23.622,23.9587,690534,23.9587
IGLN.UK,17/02/2016,23.87,23.9475,23.73,23.9475,15048,23.9475
IGLN.UK,18/02/2016,23.84,24.0613,23.74,24.0613,31743,24.0613
IGLN.UK,19/02/2016,24.17,24.38,24.155,24.325,1088146,24.325
IGLN.UK,22/02/2016,23.9425,23.9675,23.775,23.9013,44892,23.9013
IGLN.UK,23/02/2016,24.0525,24.26,24.02,24.2113,51239,24.2113
IGLN.UK,24/02/2016,24.2,24.73,24.2,24.6788,5869214,24.6788
IGLN.UK,25/02/2016,24.5,24.5025,24.3125,24.46,43097,24.46
IGLN.UK,26/02/2016,24.36,24.4375,23.945,24.065,51132,24.065
IGLN.UK,29/02/2016,24.33,24.405,24.2375,24.3863,406687,24.3863
IGLN.UK,1/03/2016,24.525,24.6525,24.3525,24.3525,334223,24.3525
IGLN.UK,2/03/2016,24.2625,24.4625,24.2625,24.4438,61541,24.4438
IGLN.UK,3/03/2016,24.54,24.8505,24.505,24.8413,245694,24.8413
IGLN.UK,4/03/2016,24.925,25.2425,24.8925,25.14,154516,25.14
IGLN.UK,7/03/2016,24.9875,25.145,24.975,25.0275,22956,25.0275
IGLN.UK,8/03/2016,25.0275,25.21,25.0175,25.045,113550,25.045
IGLN.UK,9/03/2016,24.875,24.91,24.615,24.8038,54696,24.8038
IGLN.UK,10/03/2016,24.7,25.0075,24.5775,24.99,845069,24.99
IGLN.UK,11/03/2016,25.1375,25.1375,24.845,24.8713,11317,24.8713
IGLN.UK,14/03/2016,24.8125,24.86,24.5575,24.56,98988,24.56
IGLN.UK,15/03/2016,24.375,24.45,24.3188,24.3188,47076,24.3188
IGLN.UK,16/03/2016,24.31,24.37,24.2625,24.2788,783951,24.2788
IGLN.UK,17/03/2016,25.0275,25.03,24.9638,24.9638,41550,24.9638
IGLN.UK,18/03/2016,24.93,24.93,24.74,24.74,34127,24.74
IGLN.UK,21/03/2016,24.525,24.6425,24.525,24.6025,333043,24.6025
IGLN.UK,22/03/2016,24.7225,24.76,24.6001,24.695,614155,24.695
IGLN.UK,23/03/2016,24.3875,24.405,24.0275,24.1513,22789,24.1513
IGLN.UK,24/03/2016,23.9975,24.185,23.9975,24.1112,4366566,24.1112
IGLN.UK,29/03/2016,24.055,24.2775,24.035,24.2213,2092575,24.2213
IGLN.UK,30/03/2016,24.4975,24.535,24.2225,24.245,2240567,24.245
IGLN.UK,31/03/2016,24.2625,24.475,24.2475,24.4125,45134,24.4125
IGLN.UK,1/04/2016,24.375,24.375,23.9325,23.9325,12464,23.9325
IGLN.UK,4/04/2016,24.0175,24.1375,24.0175,24.0575,17820,24.0575
IGLN.UK,5/04/2016,24.21,24.3875,24.21,24.2675,185470,24.2675
IGLN.UK,6/04/2016,24.2275,24.2275,24.11,24.1413,353798,24.1413
IGLN.UK,7/04/2016,24.2325,24.5325,24.2325,24.4975,442597,24.4975
IGLN.UK,8/04/2016,24.4075,24.5125,24.35,24.5125,221198,24.5125
IGLN.UK,11/04/2016,24.725,24.8288,24.6325,24.8288,67162,24.8288
IGLN.UK,12/04/2016,24.845,24.91,24.7913,24.7913,50825,24.7913
IGLN.UK,13/04/2016,24.6775,24.69,24.5225,24.5925,18199,24.5925
IGLN.UK,14/04/2016,24.5025,24.555,24.3275,24.3275,152903,24.3275
IGLN.UK,15/04/2016,24.305,24.3225,24.25,24.2975,9191,24.2975
IGLN.UK,18/04/2016,24.4175,24.43,24.385,24.3888,74838,24.3888
IGLN.UK,19/04/2016,24.5525,24.7825,24.485,24.7825,778314,24.7825
IGLN.UK,20/04/2016,24.66,24.77,24.6375,24.7675,78982,24.7675
IGLN.UK,21/04/2016,24.8825,25.08,24.68,24.73,83289,24.73
IGLN.UK,22/04/2016,24.6625,24.67,24.5,24.5075,31482,24.5075
IGLN.UK,25/04/2016,24.37,24.4888,24.3375,24.4888,23329,24.4888
IGLN.UK,26/04/2016,24.36,24.5675,24.3375,24.5263,58325,24.5263
IGLN.UK,27/04/2016,24.6025,24.6675,24.585,24.6563,34193,24.6563
IGLN.UK,28/04/2016,24.79,24.9775,24.75,24.9775,43308,24.9775
IGLN.UK,29/04/2016,25.2025,25.5625,25.2025,25.545,269335,25.545
IGLN.UK,3/05/2016,25.645,25.685,25.343,25.4063,101949,25.4063
IGLN.UK,4/05/2016,25.3575,25.3975,25.185,25.3038,54451,25.3038
IGLN.UK,5/05/2016,25.2275,25.36,25.2105,25.2138,24708,25.2138
IGLN.UK,6/05/2016,25.2675,25.519,25.2325,25.48,837069,25.48
IGLN.UK,9/05/2016,25.29,25.2915,24.965,24.9875,117402,24.9875
IGLN.UK,10/05/2016,25.04,25.04,24.8825,24.8825,26079,24.8825
IGLN.UK,11/05/2016,25.1375,25.2508,25.1025,25.1388,3062852,25.1388
IGLN.UK,12/05/2016,25.1225,25.2775,25.0225,25.0613,448898,25.0613
IGLN.UK,13/05/2016,25.165,25.2682,25.02,25.0925,281573,25.0925
IGLN.UK,16/05/2016,25.32,25.4175,25.16,25.18,187697,25.18
IGLN.UK,17/05/2016,25.2,25.329,25.08,25.3013,654267,25.3013
IGLN.UK,18/05/2016,25.145,25.2216,25.045,25.1275,1202698,25.1275
IGLN.UK,19/05/2016,24.7575,24.7775,24.59,24.7063,49004,24.7063
IGLN.UK,20/05/2016,24.7525,24.84,24.6825,24.6875,31608,24.6875
IGLN.UK,23/05/2016,24.67,24.705,24.6275,24.655,554765,24.655
IGLN.UK,24/05/2016,24.57,24.6076,24.3725,24.3725,560039,24.3725
IGLN.UK,25/05/2016,24.2025,24.2025,24.057,24.1663,51901,24.1663
IGLN.UK,26/05/2016,24.2725,24.2875,24.15,24.15,95591,24.15
IGLN.UK,27/05/2016,24.145,24.145,23.95,23.9538,513194,23.9538
IGLN.UK,31/05/2016,23.9425,24.0075,23.9075,23.965,129303,23.965
IGLN.UK,1/06/2016,24.01,24.1075,23.8875,23.8962,307302,23.8962
IGLN.UK,2/06/2016,24.0475,24.0475,23.9023,23.93,60269,23.93
IGLN.UK,3/06/2016,23.9325,24.53,23.9325,24.5025,357998,24.5025
IGLN.UK,6/06/2016,24.525,24.635,24.5,24.6263,14612,24.6263
IGLN.UK,7/06/2016,24.57,24.57,24.4325,24.5212,127239,24.5212
IGLN.UK,8/06/2016,24.6925,24.9325,24.6925,24.93,121465,24.93
IGLN.UK,9/06/2016,24.8725,25.07,24.845,25.07,188066,25.07
IGLN.UK,10/06/2016,25.015,25.2175,24.9957,25.045,89602,25.045
IGLN.UK,13/06/2016,25.3,25.4075,25.2525,25.3513,267886,25.3513
IGLN.UK,14/06/2016,25.2675,25.46,25.2198,25.3188,3102869,25.3188
IGLN.UK,15/06/2016,25.4025,25.4108,25.2568,25.3475,830685,25.3475
IGLN.UK,16/06/2016,25.84,25.93,25.7225,25.8525,1464679,25.8525
IGLN.UK,17/06/2016,25.31,25.585,25.31,25.4013,1981395,25.4013
IGLN.UK,20/06/2016,25.43,25.4325,25.255,25.3925,751005,25.3925
IGLN.UK,21/06/2016,25.3375,25.3375,25.05,25.0825,128413,25.0825
IGLN.UK,22/06/2016,24.965,25.065,24.965,25.065,293544,25.065
IGLN.UK,23/06/2016,24.9775,25.05,24.86,24.9725,631347,24.9725
IGLN.UK,24/06/2016,26.1325,26.2775,25.845,26.0125,14834182,26.0125
IGLN.UK,27/06/2016,26.175,26.3225,25.9896,26.1,3789662,26.1
IGLN.UK,28/06/2016,26,26.1528,25.84,25.9275,1712925,25.9275
IGLN.UK,29/06/2016,26.095,26.17,25.8594,26.1363,974028,26.1363
IGLN.UK,30/06/2016,25.935,26.0922,25.935,26.07,1189385,26.07
IGLN.UK,1/07/2016,26.3275,26.4375,26.3075,26.3975,58554,26.3975
IGLN.UK,4/07/2016,26.67,26.7225,26.4511,26.6813,249304,26.6813
IGLN.UK,5/07/2016,26.5475,26.6925,26.52,26.6325,254005,26.6325
IGLN.UK,6/07/2016,27.0175,27.135,26.97,27.01,2039271,27.01
IGLN.UK,7/07/2016,26.985,26.9882,26.695,26.7738,74595,26.7738
IGLN.UK,8/07/2016,26.775,26.8875,26.35,26.705,1576556,26.705
IGLN.UK,11/07/2016,26.9025,26.9025,26.755,26.8175,43464,26.8175
IGLN.UK,12/07/2016,26.735,26.7825,26.415,26.415,139466,26.415
IGLN.UK,13/07/2016,26.475,26.5375,26.3993,26.49,178706,26.49
IGLN.UK,14/07/2016,26.305,26.3225,26,26.255,186138,26.255
IGLN.UK,15/07/2016,26.32,26.3504,26.1375,26.24,827037,26.24
IGLN.UK,18/07/2016,26.24,26.34,26.165,26.2375,56851,26.2375
IGLN.UK,19/07/2016,26.3075,26.735,26.22,26.2813,169439,26.2813
IGLN.UK,20/07/2016,26.2,26.205,25.9525,26.025,230483,26.025
IGLN.UK,21/07/2016,26.0425,26.1732,25.955,26.1675,127707,26.1675
IGLN.UK,22/07/2016,26.15,26.1525,26.05,26.1275,77195,26.1275
IGLN.UK,25/07/2016,25.99,26.0288,25.9575,26.0288,22029,26.0288
IGLN.UK,26/07/2016,26.03,26.1239,26.03,26.06,387877,26.06
IGLN.UK,27/07/2016,26.025,26.235,26.025,26.2025,672201,26.2025
IGLN.UK,28/07/2016,26.45,26.549,26.3825,26.3875,377900,26.3875
IGLN.UK,29/07/2016,26.2825,26.63,26.2825,26.6075,860663,26.6075
IGLN.UK,1/08/2016,26.5975,26.6825,26.585,26.665,83849,26.665
IGLN.UK,2/08/2016,26.7725,26.985,26.7725,26.96,639790,26.96
IGLN.UK,3/08/2016,26.9175,26.97,26.7425,26.7888,37989,26.7888
IGLN.UK,4/08/2016,26.635,26.93,26.635,26.9125,5150280,26.9125
IGLN.UK,5/08/2016,26.93,26.93,26.4215,26.4225,585442,26.4225
IGLN.UK,8/08/2016,26.325,26.41,26.2525,26.3688,136271,26.3688
IGLN.UK,9/08/2016,26.28,26.49,26.2725,26.4588,847269,26.4588
IGLN.UK,10/08/2016,26.72,26.78,26.4694,26.5638,4844782,26.5638
IGLN.UK,11/08/2016,26.5475,26.6725,26.5288,26.65,231000,26.65
IGLN.UK,12/08/2016,26.425,26.766,26.3675,26.6825,398913,26.6825
IGLN.UK,15/08/2016,26.4575,26.485,26.4,26.4813,8801,26.4813
IGLN.UK,16/08/2016,26.61,26.812,26.49,26.6375,918083,26.6375
IGLN.UK,17/08/2016,26.5325,26.57,26.4925,26.56,193751,26.56
IGLN.UK,18/08/2016,26.72,26.72,26.6,26.645,69667,26.645
IGLN.UK,19/08/2016,26.62,26.62,26.4125,26.4875,1375218,26.4875
IGLN.UK,22/08/2016,26.3125,26.4213,26.31,26.4213,23595,26.4213
IGLN.UK,23/08/2016,26.5125,26.5125,26.425,26.4325,40894,26.4325
IGLN.UK,24/08/2016,26.39,26.4525,26.16,26.1775,117396,26.1775
IGLN.UK,25/08/2016,26.16,26.185,26.065,26.1,21530,26.1
IGLN.UK,26/08/2016,26.1275,26.4575,26.1,26.2525,161433,26.2525
IGLN.UK,30/08/2016,26.0725,26.0725,25.9775,25.9775,133925,25.9775
IGLN.UK,31/08/2016,25.9075,25.9455,25.795,25.8075,400528,25.8075
IGLN.UK,1/09/2016,25.8175,25.9375,25.71,25.895,334961,25.895
IGLN.UK,2/09/2016,25.8725,26.205,25.8587,26.0125,92608,26.0125
IGLN.UK,5/09/2016,26.1675,26.21,26.16,26.1825,24182,26.1825
IGLN.UK,6/09/2016,26.2225,26.471,26.2225,26.445,94623,26.445
IGLN.UK,7/09/2016,26.6625,26.665,26.505,26.5475,305887,26.5475
IGLN.UK,8/09/2016,26.59,26.6125,26.445,26.445,162736,26.445
IGLN.UK,9/09/2016,26.3575,26.385,26.265,26.3125,108564,26.3125
IGLN.UK,12/09/2016,26.2375,26.2375,26.1075,26.115,161791,26.115
IGLN.UK,13/09/2016,26.2125,26.2488,26.1125,26.145,341240,26.145
IGLN.UK,14/09/2016,26.07,26.1388,26.0325,26.1388,99885,26.1388
IGLN.UK,15/09/2016,26.06,26.1475,25.8725,26.0225,140932,26.0225
IGLN.UK,16/09/2016,25.935,25.97,25.796,25.8525,504892,25.8525
IGLN.UK,19/09/2016,25.99,26,25.9175,25.9175,119259,25.9175
IGLN.UK,20/09/2016,25.9725,25.9891,25.905,25.9725,3807136,25.9725
IGLN.UK,21/09/2016,26.0775,26.23,26.0225,26.185,125169,26.185
IGLN.UK,22/09/2016,26.305,26.4463,26.285,26.4463,131163,26.4463
IGLN.UK,23/09/2016,26.34,26.44,26.34,26.4175,702871,26.4175
IGLN.UK,26/09/2016,26.3525,26.475,26.335,26.465,59821,26.465
IGLN.UK,27/09/2016,26.33,26.3941,26.1625,26.1625,258704,26.1625
IGLN.UK,28/09/2016,26.1325,26.165,26.0325,26.04,208415,26.04
IGLN.UK,29/09/2016,26.0575,26.0785,25.985,26.015,99345,26.015
IGLN.UK,30/09/2016,26.1125,26.1925,26.0113,26.065,972963,26.065
IGLN.UK,3/10/2016,25.9675,25.9991,25.88,25.88,530952,25.88
IGLN.UK,4/10/2016,25.8025,25.845,25.284,25.31,1241508,25.31
IGLN.UK,5/10/2016,25.0675,25.185,24.995,25.015,330787,25.015
IGLN.UK,6/10/2016,24.925,25.015,24.685,24.7475,636524,24.7475
IGLN.UK,7/10/2016,24.73,24.96,24.57,24.57,945970,24.57
IGLN.UK,10/10/2016,24.93,24.93,24.8175,24.8225,467498,24.8225
IGLN.UK,11/10/2016,24.88,24.88,24.7475,24.8475,79686,24.8475
IGLN.UK,12/10/2016,24.77,24.825,24.69,24.71,208283,24.71
IGLN.UK,13/10/2016,24.8475,24.9,24.78,24.8025,919725,24.8025
IGLN.UK,14/10/2016,24.785,24.7925,24.5925,24.7,602726,24.7
IGLN.UK,17/10/2016,24.715,24.7925,24.7025,24.7675,179925,24.7675
IGLN.UK,18/10/2016,24.885,24.965,24.7975,24.88,51502,24.88
IGLN.UK,19/10/2016,24.89,25.1125,24.89,25.09,178674,25.09
IGLN.UK,20/10/2016,25.05,25.1025,24.9525,24.98,1025368,24.98
IGLN.UK,21/10/2016,24.92,25.0059,24.915,24.985,560085,24.985
IGLN.UK,24/10/2016,24.9775,25.0875,24.88,24.9175,320025,24.9175
IGLN.UK,25/10/2016,24.9875,25.1275,24.9875,25.1275,145702,25.1275
IGLN.UK,26/10/2016,25.15,25.1675,25.0075,25.025,395976,25.025
IGLN.UK,27/10/2016,25.025,25.09,24.985,25.0475,246738,25.0475
IGLN.UK,28/10/2016,25.04,25.115,24.9075,25.0088,756991,25.0088
IGLN.UK,31/10/2016,25.1525,25.155,25.095,25.12,80444,25.12
IGLN.UK,1/11/2016,25.2475,25.465,25.2325,25.4625,251260,25.4625
IGLN.UK,2/11/2016,25.55,25.765,25.4172,25.755,1706373,25.755
IGLN.UK,3/11/2016,25.6825,25.6825,25.38,25.64,745016,25.64
IGLN.UK,4/11/2016,25.6625,25.7625,25.6316,25.7275,2402968,25.7275
IGLN.UK,7/11/2016,25.425,25.425,25.255,25.275,428765,25.275
IGLN.UK,8/11/2016,25.345,25.4575,25.195,25.195,159828,25.195
IGLN.UK,9/11/2016,25.8525,25.8525,25.2725,25.3425,4752251,25.3425
IGLN.UK,10/11/2016,25.3325,25.44,24.92,24.92,473028,24.92
IGLN.UK,11/11/2016,24.8075,24.89,24.1825,24.255,1675248,24.255
IGLN.UK,14/11/2016,24.125,24.2025,23.915,24.0125,783321,24.0125
IGLN.UK,15/11/2016,24.16,24.2825,24.0675,24.125,176237,24.125
IGLN.UK,16/11/2016,24.21,24.2425,24.12,24.1925,554092,24.1925
IGLN.UK,17/11/2016,24.225,24.2675,24.1525,24.1875,406715,24.1875
IGLN.UK,18/11/2016,23.7925,23.9825,23.755,23.83,2028104,23.83
IGLN.UK,21/11/2016,23.96,23.995,23.9,23.9,328155,23.9
IGLN.UK,22/11/2016,24.02,24.03,23.8275,23.8625,360316,23.8625
IGLN.UK,23/11/2016,23.915,23.92,23.317,23.44,2081809,23.44
IGLN.UK,24/11/2016,23.355,23.47,23.355,23.3975,165109,23.3975
IGLN.UK,25/11/2016,23.375,23.4875,23.28,23.28,154060,23.28
IGLN.UK,28/11/2016,23.5475,23.6125,23.355,23.49,466078,23.49
IGLN.UK,29/11/2016,23.495,23.495,23.2975,23.3838,112288,23.3838
IGLN.UK,30/11/2016,23.4475,23.4525,23.1025,23.1025,151827,23.1025
IGLN.UK,1/12/2016,23.0825,23.1,22.895,23.07,457098,23.07
IGLN.UK,2/12/2016,23.1925,23.2,23.0175,23.155,866704,23.155
IGLN.UK,5/12/2016,23.115,23.115,22.85,22.9875,391687,22.9875
IGLN.UK,6/12/2016,23.1375,23.1425,23.0775,23.1,304517,23.1
IGLN.UK,7/12/2016,23.085,23.265,23.0419,23.2,1558100,23.2
IGLN.UK,8/12/2016,23.185,23.225,23.0625,23.0975,1943392,23.0975
IGLN.UK,9/12/2016,23.05,23.11,22.9075,22.9275,615927,22.9275
IGLN.UK,12/12/2016,22.775,22.9484,22.7,22.8838,505244,22.8838
IGLN.UK,13/12/2016,22.9,22.945,22.7825,22.85,75838,22.85
IGLN.UK,14/12/2016,22.93,22.97,22.875,22.9325,24371,22.9325
IGLN.UK,15/12/2016,22.4425,22.4475,22.1925,22.2025,486016,22.2025
IGLN.UK,16/12/2016,22.3575,22.4325,22.2625,22.4325,1169618,22.4325
IGLN.UK,19/12/2016,22.48,22.524,22.44,22.5125,246881,22.5125
IGLN.UK,20/12/2016,22.355,22.36,22.2025,22.23,389877,22.23
IGLN.UK,21/12/2016,22.3925,22.41,22.295,22.3038,50351,22.3038
IGLN.UK,22/12/2016,22.275,22.39,22.27,22.305,192316,22.305
IGLN.UK,23/12/2016,22.305,22.325,22.2975,22.3175,1700255,22.3175
IGLN.UK,28/12/2016,22.5325,22.5325,22.425,22.4625,327782,22.4625
IGLN.UK,29/12/2016,22.655,22.8425,22.5725,22.8425,659421,22.8425
IGLN.UK,30/12/2016,22.85,22.88,22.8425,22.8425,32382,22.8425
IGLN.UK,3/01/2017,22.74,22.8688,22.6175,22.8688,358092,22.8688
IGLN.UK,4/01/2017,22.895,23.01,22.895,22.95,1251587,22.95
IGLN.UK,5/01/2017,23.2225,23.345,23.0997,23.345,790172,23.345
IGLN.UK,6/01/2017,23.1775,23.2425,23.11,23.1225,177400,23.1225
IGLN.UK,9/01/2017,23.2275,23.3075,23.195,23.3075,206239,23.3075
IGLN.UK,10/01/2017,23.345,23.4575,23.285,23.4138,57149,23.4138
IGLN.UK,11/01/2017,23.4325,23.4575,23.2225,23.4175,806688,23.4175
IGLN.UK,12/01/2017,23.685,23.7825,23.6725,23.7,359678,23.7
IGLN.UK,13/01/2017,23.585,23.64,23.43,23.5188,66086,23.5188
IGLN.UK,16/01/2017,23.74,23.7475,23.6975,23.7138,57616,23.7138
IGLN.UK,17/01/2017,23.8725,24.0025,23.8725,23.96,625860,23.96
IGLN.UK,18/01/2017,23.9225,23.9725,23.88,23.9275,138013,23.9275
IGLN.UK,19/01/2017,23.65,23.765,23.5925,23.6775,61747,23.6775
IGLN.UK,20/01/2017,23.78,23.795,23.6496,23.7275,169764,23.7275
IGLN.UK,23/01/2017,23.9325,24,23.8625,23.9875,386093,23.9875
IGLN.UK,24/01/2017,23.92,23.985,23.895,23.9,121337,23.9
IGLN.UK,25/01/2017,23.74,23.785,23.55,23.6525,113879,23.6525
IGLN.UK,26/01/2017,23.6,23.6,23.3525,23.3775,68443,23.3775
IGLN.UK,27/01/2017,23.31,23.4575,23.3075,23.43,915670,23.43
IGLN.UK,30/01/2017,23.425,23.6225,23.425,23.6,182306,23.6
IGLN.UK,31/01/2017,23.69,23.955,23.595,23.89,365613,23.89
IGLN.UK,1/02/2017,23.81,23.89,23.6175,23.74,69013,23.74
IGLN.UK,2/02/2017,23.935,24.155,23.935,24.005,200887,24.005
IGLN.UK,3/02/2017,23.9325,24.0525,23.885,24.0313,52387,24.0313
IGLN.UK,6/02/2017,24.1075,24.245,24.0925,24.215,536926,24.215
IGLN.UK,7/02/2017,24.2675,24.325,24.2,24.3163,665599,24.3163
IGLN.UK,8/02/2017,24.28,24.53,24.28,24.4563,129025,24.4563
IGLN.UK,9/02/2017,24.4425,24.5125,24.2775,24.3225,902189,24.3225
IGLN.UK,10/02/2017,24.0875,24.3138,24.0875,24.3138,686841,24.3138
IGLN.UK,13/02/2017,24.2925,24.2925,24.072,24.1025,1266933,24.1025
IGLN.UK,14/02/2017,24.2,24.3225,24.0925,24.1675,846054,24.1675
IGLN.UK,15/02/2017,24.15,24.2475,24,24.2475,1322314,24.2475
IGLN.UK,16/02/2017,24.4,24.48,24.335,24.46,339910,24.46
IGLN.UK,17/02/2017,24.405,24.51,24.3866,24.4138,132958,24.4138
IGLN.UK,20/02/2017,24.35,24.415,24.35,24.395,144676,24.395
IGLN.UK,21/02/2017,24.2625,24.375,24.1925,24.375,213698,24.375
IGLN.UK,22/02/2017,24.34,24.4375,24.3,24.3,263032,24.3
IGLN.UK,23/02/2017,24.365,24.64,24.365,24.5775,457301,24.5775
IGLN.UK,24/02/2017,24.72,24.8275,24.685,24.78,2514551,24.78
IGLN.UK,27/02/2017,24.755,24.8925,24.715,24.8913,331145,24.8913
IGLN.UK,28/02/2017,24.705,24.7925,24.645,24.78,195887,24.78
IGLN.UK,1/03/2017,24.5525,24.58,24.41,24.5225,785858,24.5225
IGLN.UK,2/03/2017,24.55,24.5525,24.36,24.4,3506215,24.4
IGLN.UK,3/03/2017,24.2,24.225,24.12,24.1213,209904,24.1213
IGLN.UK,6/03/2017,24.315,24.32,24.1825,24.2025,84968,24.2025
IGLN.UK,7/03/2017,24.155,24.155,23.615,23.9988,139360,23.9988
IGLN.UK,8/03/2017,23.915,23.93,23.785,23.8175,332297,23.8175
IGLN.UK,9/03/2017,23.745,23.8275,23.6911,23.7275,539629,23.7275
IGLN.UK,10/03/2017,23.585,23.7375,23.5725,23.64,54677,23.64
IGLN.UK,13/03/2017,23.85,23.85,23.705,23.775,699240,23.775
IGLN.UK,14/03/2017,23.6825,23.795,23.67,23.7575,143492,23.7575
IGLN.UK,15/03/2017,23.73,23.74,23.6075,23.6463,119549,23.6463
IGLN.UK,16/03/2017,24.1625,24.2825,24.1175,24.23,189244,24.23
IGLN.UK,17/03/2017,24.22,24.265,24.1836,24.2188,68182,24.2188
IGLN.UK,20/03/2017,24.3175,24.32,24.25,24.3025,56845,24.3025
IGLN.UK,21/03/2017,24.215,24.5075,24.215,24.5063,2897480,24.5063
IGLN.UK,22/03/2017,24.6025,24.645,24.5325,24.6288,995034,24.6288
IGLN.UK,23/03/2017,24.5775,24.69,24.5,24.505,279904,24.505
IGLN.UK,24/03/2017,24.4575,24.6275,24.4575,24.615,201970,24.615
IGLN.UK,27/03/2017,24.795,24.84,24.5805,24.6825,76899,24.6825
IGLN.UK,28/03/2017,24.67,24.785,24.67,24.7713,333687,24.7713
IGLN.UK,29/03/2017,24.64,24.705,24.6242,24.6913,404479,24.6913
IGLN.UK,30/03/2017,24.6475,24.6575,24.5325,24.6075,128364,24.6075
IGLN.UK,31/03/2017,24.48,24.58,24.4575,24.55,66196,24.55
IGLN.UK,3/04/2017,24.5475,24.695,24.525,24.685,43617,24.685
IGLN.UK,4/04/2017,24.7775,24.8425,24.725,24.7475,178890,24.7475
IGLN.UK,5/04/2017,24.75,24.76,24.5225,24.59,86054,24.59
IGLN.UK,6/04/2017,24.71,24.72,24.6475,24.6575,408780,24.6575
IGLN.UK,7/04/2017,24.8975,25.01,24.8775,24.9313,3278391,24.9313
IGLN.UK,10/04/2017,24.7075,24.715,24.58,24.71,300829,24.71
IGLN.UK,11/04/2017,24.78,25.09,24.765,25.075,185854,25.075
IGLN.UK,12/04/2017,25.115,25.1725,25.075,25.125,575238,25.125
IGLN.UK,13/04/2017,25.295,25.3875,25.255,25.31,388238,25.31
IGLN.UK,18/04/2017,25.2825,25.425,25.22,25.425,461390,25.425
IGLN.UK,19/04/2017,25.3125,25.3275,25.14,25.215,163021,25.215
IGLN.UK,20/04/2017,25.24,25.285,25.17,25.2475,620914,25.2475
IGLN.UK,21/04/2017,25.21,25.3175,25.2,25.2925,601063,25.2925
IGLN.UK,24/04/2017,25.055,25.125,24.965,25.11,457506,25.11
IGLN.UK,25/04/2017,25.0675,25.0675,24.9475,24.9763,457934,24.9763
IGLN.UK,26/04/2017,24.885,24.949,24.8675,24.8863,217927,24.8863
IGLN.UK,27/04/2017,24.8925,24.94,24.8525,24.9213,85786,24.9213
IGLN.UK,28/04/2017,24.935,24.9925,24.9175,24.9775,557793,24.9775
IGLN.UK,2/05/2017,24.7475,24.75,24.68,24.7213,47044,24.7213
IGLN.UK,3/05/2017,24.72,24.72,24.56,24.58,98658,24.58
IGLN.UK,4/05/2017,24.32,24.35,24.15,24.21,315215,24.21
IGLN.UK,5/05/2017,24.2625,24.325,24.1775,24.2088,344361,24.2088
IGLN.UK,8/05/2017,24.2325,24.3385,24.1925,24.1925,55127,24.1925
IGLN.UK,9/05/2017,24.195,24.195,23.9725,23.9913,303451,23.9913
IGLN.UK,10/05/2017,24.0575,24.17,24.0488,24.0488,112308,24.0488
IGLN.UK,11/05/2017,24.0675,24.1775,24.045,24.1175,210698,24.1175
IGLN.UK,12/05/2017,24.215,24.26,24.195,24.2025,135246,24.2025
IGLN.UK,15/05/2017,24.265,24.3675,24.2175,24.29,112338,24.29
IGLN.UK,16/05/2017,24.3325,24.395,24.31,24.3738,612895,24.3738
IGLN.UK,17/05/2017,24.4925,24.825,24.4815,24.77,803276,24.77
IGLN.UK,18/05/2017,24.73,24.915,24.6225,24.685,1032079,24.685
IGLN.UK,19/05/2017,24.63,24.7225,24.62,24.6925,96929,24.6925
IGLN.UK,22/05/2017,24.7225,24.835,24.69,24.8138,100014,24.8138
IGLN.UK,23/05/2017,24.84,24.8725,24.8,24.81,2557495,24.81
IGLN.UK,24/05/2017,24.62,24.7025,24.62,24.68,112670,24.68
IGLN.UK,25/05/2017,24.775,24.79,24.71,24.7413,790796,24.7413
IGLN.UK,26/05/2017,24.8625,24.974,24.8525,24.955,123818,24.955
IGLN.UK,30/05/2017,24.9775,24.9775,24.815,24.8775,281020,24.8775
IGLN.UK,31/05/2017,24.9025,24.9725,24.8835,24.97,74744,24.97
IGLN.UK,1/06/2017,24.955,24.96,24.875,24.9075,394789,24.9075
IGLN.UK,2/06/2017,24.86,25.19,24.8375,25.185,187283,25.185
IGLN.UK,5/06/2017,25.2225,25.265,25.21,25.2113,65029,25.2113
IGLN.UK,6/06/2017,25.4025,25.515,25.375,25.495,141902,25.495
IGLN.UK,7/06/2017,25.4525,25.48,25.38,25.46,161912,25.46
IGLN.UK,8/06/2017,25.3575,25.3575,25.0575,25.115,70873,25.115
IGLN.UK,9/06/2017,25.0625,25.105,24.91,24.9738,381373,24.9738
IGLN.UK,12/06/2017,24.9825,25.0125,24.895,24.9188,232903,24.9188
IGLN.UK,13/06/2017,24.875,24.875,24.805,24.875,534798,24.875
IGLN.UK,14/06/2017,24.9825,25.185,24.9269,25.1438,626397,25.1438
IGLN.UK,15/06/2017,24.8425,24.859,24.665,24.6875,215173,24.6875
IGLN.UK,16/06/2017,24.695,24.7553,24.695,24.7325,300249,24.7325
IGLN.UK,19/06/2017,24.665,24.665,24.57,24.5875,75704,24.5875
IGLN.UK,20/06/2017,24.5675,24.5675,24.4575,24.4863,50376,24.4863
IGLN.UK,21/06/2017,24.535,24.5535,24.4677,24.52,127507,24.52
IGLN.UK,22/06/2017,24.675,24.685,24.6192,24.685,2146,24.685
IGLN.UK,23/06/2017,24.7125,24.765,24.7125,24.7438,55126,24.7438
IGLN.UK,26/06/2017,24.5,24.52,24.4485,24.5013,275590,24.5013
IGLN.UK,27/06/2017,24.63,24.6612,24.555,24.555,215481,24.555
IGLN.UK,28/06/2017,24.6175,24.705,24.585,24.6163,89699,24.6163
IGLN.UK,29/06/2017,24.6325,24.6325,24.4775,24.5025,362415,24.5025
IGLN.UK,30/06/2017,24.475,24.5225,24.4375,24.47,56840,24.47
IGLN.UK,3/07/2017,24.34,24.34,24.055,24.055,187370,24.055
IGLN.UK,4/07/2017,24.12,24.12,24.0805,24.09,5482,24.09
IGLN.UK,5/07/2017,24.0275,24.105,23.985,24.0775,78346,24.0775
IGLN.UK,6/07/2017,24.1225,24.1225,24.0825,24.0925,74510,24.0925
IGLN.UK,7/07/2017,24.06,24.155,23.835,23.835,146684,23.835
IGLN.UK,10/07/2017,23.765,23.915,23.765,23.905,128811,23.905
IGLN.UK,11/07/2017,23.825,23.9125,23.8122,23.9125,186586,23.9125
IGLN.UK,12/07/2017,23.99,24.0495,23.915,24.025,53968,24.025
IGLN.UK,13/07/2017,24.0825,24.0825,23.9725,23.9725,237847,23.9725
IGLN.UK,14/07/2017,23.9775,24.2475,23.9775,24.1963,128320,24.1963
IGLN.UK,17/07/2017,24.2275,24.3247,24.22,24.3063,114275,24.3063
IGLN.UK,18/07/2017,24.335,24.4672,24.335,24.4538,510975,24.4538
IGLN.UK,19/07/2017,24.415,24.4805,24.4054,24.4425,59743,24.4425
IGLN.UK,20/07/2017,24.3975,24.5525,24.335,24.5475,205842,24.5475
IGLN.UK,21/07/2017,24.57,24.6475,24.5625,24.63,257686,24.63
IGLN.UK,24/07/2017,24.7125,24.77,24.7125,24.735,52216,24.735
IGLN.UK,25/07/2017,24.7475,24.7475,24.6125,24.6213,610759,24.6213
IGLN.UK,26/07/2017,24.5175,24.59,24.5175,24.5675,75776,24.5675
IGLN.UK,27/07/2017,24.86,24.8925,24.7472,24.7675,260163,24.7675
IGLN.UK,28/07/2017,24.8175,24.9975,24.7825,24.9975,137659,24.9975
IGLN.UK,31/07/2017,24.9325,24.975,24.928,24.975,86469,24.975
IGLN.UK,1/08/2017,24.9825,25.0572,24.875,25.055,84864,25.055
IGLN.UK,2/08/2017,24.9425,25.0388,24.87,25.0388,69301,25.0388
IGLN.UK,3/08/2017,24.8475,24.9875,24.832,24.9875,54710,24.9875
IGLN.UK,4/08/2017,24.995,24.995,24.74,24.74,73907,24.74
IGLN.UK,7/08/2017,24.7525,24.7825,24.72,24.7825,77954,24.7825
IGLN.UK,8/08/2017,24.8075,24.8445,24.6763,24.6763,79725,24.6763
IGLN.UK,9/08/2017,24.94,25.0813,24.94,25.0813,358301,25.0813
IGLN.UK,10/08/2017,25.175,25.3395,25.175,25.305,100074,25.305
IGLN.UK,11/08/2017,25.3125,25.4245,25.2518,25.3425,699317,25.3425
IGLN.UK,14/08/2017,25.32,25.32,25.1925,25.2675,166881,25.2675
IGLN.UK,15/08/2017,25.1125,25.1125,25.0122,25.04,69337,25.04
IGLN.UK,16/08/2017,25,25.0775,24.965,25.0775,254705,25.0775
IGLN.UK,17/08/2017,25.36,25.36,25.285,25.285,199250,25.285
IGLN.UK,18/08/2017,25.385,25.5575,25.385,25.3988,333624,25.3988
IGLN.UK,21/08/2017,25.3375,25.4475,25.3375,25.4,272520,25.4
IGLN.UK,22/08/2017,25.2825,25.415,25.2825,25.3413,1161050,25.3413
IGLN.UK,23/08/2017,25.315,25.4125,25.315,25.335,51859,25.335
IGLN.UK,24/08/2017,25.3325,25.3625,25.295,25.3625,226040,25.3625
IGLN.UK,25/08/2017,25.345,25.43,25.155,25.43,127067,25.43
IGLN.UK,29/08/2017,25.9975,26.0875,25.9175,25.9388,1716691,25.9388
IGLN.UK,30/08/2017,25.7425,25.8275,25.7125,25.7413,450847,25.7413
IGLN.UK,31/08/2017,25.76,25.935,25.7075,25.935,135689,25.935
IGLN.UK,1/09/2017,25.9475,26.0565,25.9475,26.0163,331553,26.0163
IGLN.UK,4/09/2017,26.33,26.33,26.253,26.2788,273905,26.2788
IGLN.UK,5/09/2017,26.2975,26.315,26.153,26.315,155626,26.315
IGLN.UK,6/09/2017,26.34,26.3825,26.2747,26.3788,4799907,26.3788
IGLN.UK,7/09/2017,26.3325,26.5425,26.3325,26.525,191013,26.525
IGLN.UK,8/09/2017,26.64,26.64,24.4956,26.495,5762938,26.495
IGLN.UK,11/09/2017,26.285,26.285,26.25,26.255,179700,26.255
IGLN.UK,12/09/2017,26.0875,26.15,26.0875,26.11,106161,26.11
IGLN.UK,13/09/2017,26.175,26.2405,26.01,26.01,54833,26.01
IGLN.UK,14/09/2017,26.0175,26.105,25.9245,26.08,283710,26.08
IGLN.UK,15/09/2017,26.1625,26.17,26.0175,26.0175,181465,26.0175
IGLN.UK,18/09/2017,25.8775,25.8796,25.7225,25.7275,268946,25.7275
IGLN.UK,19/09/2017,25.7475,25.7797,25.7463,25.7463,1818774,25.7463
IGLN.UK,20/09/2017,25.83,25.9022,25.8125,25.8125,579336,25.8125
IGLN.UK,21/09/2017,25.4725,25.495,25.398,25.43,897498,25.43
IGLN.UK,22/09/2017,25.5175,25.5425,25.48,25.49,385577,25.49
IGLN.UK,25/09/2017,25.41,25.6875,25.41,25.6575,525335,25.6575
IGLN.UK,26/09/2017,25.7525,25.7575,25.5925,25.6113,441080,25.6113
IGLN.UK,27/09/2017,25.4175,25.4425,25.2796,25.3088,287909,25.3088
IGLN.UK,28/09/2017,25.23,25.2975,25.22,25.285,444478,25.285
IGLN.UK,29/09/2017,25.32,25.375,25.2625,25.2725,188062,25.2725
IGLN.UK,2/10/2017,25.08,25.1192,25.0388,25.07,855398,25.07
IGLN.UK,3/10/2017,25.03,25.0776,25.0047,25.0625,296036,25.0625
IGLN.UK,4/10/2017,25.0975,25.23,25.0397,25.0675,559944,25.0675
IGLN.UK,5/10/2017,25.08,25.1322,25.055,25.075,144049,25.075
IGLN.UK,6/10/2017,24.955,25.0313,24.825,25.0313,84995,25.0313
IGLN.UK,9/10/2017,25.1925,25.2447,25.1825,25.22,58956,25.22
IGLN.UK,10/10/2017,25.335,25.45,25.3075,25.4188,232506,25.4188
IGLN.UK,11/10/2017,25.355,25.4075,25.345,25.345,159616,25.345
IGLN.UK,12/10/2017,25.485,25.4897,25.3925,25.435,64826,25.435
IGLN.UK,13/10/2017,25.5175,25.59,25.44,25.59,65450,25.59
IGLN.UK,16/10/2017,25.655,25.6921,25.645,25.6675,132211,25.6675
IGLN.UK,17/10/2017,25.3875,25.3875,25.2628,25.2663,108788,25.2663
IGLN.UK,18/10/2017,25.245,25.245,25.13,25.1888,297032,25.1888
IGLN.UK,19/10/2017,25.205,25.3625,25.205,25.3625,1481737,25.3625
IGLN.UK,20/10/2017,25.2725,25.28,25.1905,25.2025,555758,25.2025
IGLN.UK,23/10/2017,25.1,25.105,25.0597,25.0638,45706,25.0638
IGLN.UK,24/10/2017,25.2,25.2,25.105,25.105,47781,25.105
IGLN.UK,25/10/2017,25.055,25.138,25.0175,25.115,770794,25.115
IGLN.UK,26/10/2017,25.195,25.195,25.0325,25.0325,95639,25.0325
IGLN.UK,27/10/2017,24.9,25.0025,24.8875,25.0025,224567,25.0025
IGLN.UK,30/10/2017,24.99,25.135,24.99,25.135,154190,25.135
IGLN.UK,31/10/2017,25.125,25.125,24.9672,24.975,116815,24.975
IGLN.UK,1/11/2017,25.1675,25.1675,25.0527,25.1238,61181,25.1238
IGLN.UK,2/11/2017,25.1175,25.1672,25.0878,25.0925,473879,25.0925
IGLN.UK,3/11/2017,25.09,25.1372,24.9303,24.94,470791,24.94
IGLN.UK,6/11/2017,24.9775,25.1153,24.975,25.1125,133361,25.1125
IGLN.UK,7/11/2017,25.155,25.1672,25.0613,25.0613,150712,25.0613
IGLN.UK,8/11/2017,25.1425,25.315,25.1425,25.315,91866,25.315
IGLN.UK,9/11/2017,25.2625,25.34,25.24,25.265,88617,25.265
IGLN.UK,10/11/2017,25.2525,25.29,25.1,25.13,85104,25.13
IGLN.UK,13/11/2017,25.1225,25.165,25.1225,25.16,76922,25.16
IGLN.UK,14/11/2017,25.105,25.18,25.0225,25.18,412197,25.18
IGLN.UK,15/11/2017,25.24,25.3525,25.135,25.1475,667739,25.1475
IGLN.UK,16/11/2017,25.1125,25.1799,25.1125,25.1725,289333,25.1725
IGLN.UK,17/11/2017,25.2225,25.3872,25.215,25.3425,1123365,25.3425
IGLN.UK,20/11/2017,25.4225,25.445,25.27,25.2763,552806,25.2763
IGLN.UK,21/11/2017,25.185,25.2575,25.115,25.24,468688,25.24
IGLN.UK,22/11/2017,25.26,25.4125,25.2325,25.4125,230601,25.4125
IGLN.UK,23/11/2017,25.3775,25.4225,25.345,25.4013,353934,25.4013
IGLN.UK,24/11/2017,25.405,25.405,25.3125,25.3338,73604,25.3338
IGLN.UK,27/11/2017,25.4225,25.5525,25.4125,25.52,209713,25.52
IGLN.UK,28/11/2017,25.4375,25.505,25.41,25.4638,224381,25.4638
IGLN.UK,29/11/2017,25.5,25.51,25.245,25.2688,900352,25.2688
IGLN.UK,30/11/2017,25.2225,25.2275,25.1075,25.1375,729935,25.1375
IGLN.UK,1/12/2017,25.085,25.3588,25.0375,25.3588,536571,25.3588
IGLN.UK,4/12/2017,25.0675,25.1175,25.0225,25.0763,379101,25.0763
IGLN.UK,5/12/2017,25.115,25.115,24.8525,24.8525,594507,24.8525
IGLN.UK,6/12/2017,24.945,24.96,24.84,24.85,266390,24.85
IGLN.UK,7/12/2017,24.7625,24.7625,24.64,24.645,430135,24.645
IGLN.UK,8/12/2017,24.5725,24.6225,24.49,24.5525,129464,24.5525
IGLN.UK,11/12/2017,24.5775,24.61,24.505,24.51,276748,24.51
IGLN.UK,12/12/2017,24.455,24.475,24.3425,24.3425,655330,24.3425
IGLN.UK,13/12/2017,24.425,24.5525,24.4125,24.5063,363259,24.5063
IGLN.UK,14/12/2017,24.7,24.745,24.62,24.67,849560,24.67
IGLN.UK,15/12/2017,24.7175,24.8125,24.6575,24.6638,350866,24.6638
IGLN.UK,18/12/2017,24.7175,24.8575,24.7175,24.845,291650,24.845
IGLN.UK,19/12/2017,24.865,24.8775,24.7775,24.7775,771815,24.7775
IGLN.UK,20/12/2017,24.8475,24.905,24.8375,24.8825,102943,24.8825
IGLN.UK,21/12/2017,24.885,24.925,24.865,24.925,203434,24.925
IGLN.UK,22/12/2017,24.945,24.96,24.9425,24.9525,242838,24.9525
IGLN.UK,27/12/2017,25.275,25.3175,25.2575,25.305,81598,25.305
IGLN.UK,28/12/2017,25.4225,25.465,25.3975,25.465,521669,25.465
IGLN.UK,29/12/2017,25.4975,25.5225,25.4975,25.5075,50851,25.5075
IGLN.UK,2/01/2018,25.74,25.85,25.69,25.815,452669,25.815
IGLN.UK,3/01/2018,25.84,25.91,25.84,25.88,41370,25.88
IGLN.UK,4/01/2018,25.7825,25.9475,25.765,25.9475,618666,25.9475
IGLN.UK,5/01/2018,25.9275,25.9825,25.85,25.955,128681,25.955
IGLN.UK,8/01/2018,25.89,25.97,25.88,25.905,43907,25.905
IGLN.UK,9/01/2018,25.9025,25.91,25.7525,25.79,137123,25.79
IGLN.UK,10/01/2018,25.7975,26.05,25.7975,25.9263,128213,25.9263
IGLN.UK,11/01/2018,25.9075,26.0175,25.9075,25.9925,148733,25.9925
IGLN.UK,12/01/2018,26.11,26.21,25.9375,26.16,108904,26.16
IGLN.UK,15/01/2018,26.37,26.415,26.3675,26.37,13001,26.37
IGLN.UK,16/01/2018,26.36,26.36,26.2,26.24,254749,26.24
IGLN.UK,17/01/2018,26.255,26.32,26.2375,26.2375,71520,26.2375
IGLN.UK,18/01/2018,26.1175,26.18,26.11,26.165,70308,26.165
IGLN.UK,19/01/2018,26.23,26.3,26.21,26.2275,240257,26.2275
IGLN.UK,22/01/2018,26.1775,26.2363,26.17,26.2363,33940,26.2363
IGLN.UK,23/01/2018,26.2925,26.3075,26.19,26.2975,78287,26.2975
IGLN.UK,24/01/2018,26.4175,26.64,26.4175,26.6138,160530,26.6138
IGLN.UK,25/01/2018,26.76,26.8725,26.635,26.735,82276,26.735
IGLN.UK,26/01/2018,26.665,26.68,26.5275,26.6138,130166,26.6138
IGLN.UK,29/01/2018,26.51,26.51,26.3275,26.33,108856,26.33
IGLN.UK,30/01/2018,26.27,26.5175,26.27,26.3475,162077,26.3475
IGLN.UK,31/01/2018,26.3925,26.44,26.3825,26.3825,117575,26.3825
IGLN.UK,1/02/2018,26.3225,26.42,26.31,26.39,108031,26.39
IGLN.UK,2/02/2018,26.51,26.51,26.125,26.125,110326,26.125
IGLN.UK,5/02/2018,26.2175,26.31,26.2175,26.2575,91310,26.2575
IGLN.UK,6/02/2018,26.48,26.48,26.075,26.185,577209,26.185
IGLN.UK,7/02/2018,26.1575,26.16,25.97,25.98,134440,25.98
IGLN.UK,8/02/2018,25.8025,25.89,25.7575,25.8775,319138,25.8775
IGLN.UK,9/02/2018,25.8825,25.8825,25.78,25.8525,265761,25.8525
IGLN.UK,12/02/2018,25.99,26.0525,25.91,26.0438,259528,26.0438
IGLN.UK,13/02/2018,26.095,26.16,26.035,26.1175,150399,26.1175
IGLN.UK,14/02/2018,26.1925,26.5,25.92,26.485,289300,26.485
IGLN.UK,15/02/2018,26.6175,26.64,26.52,26.5838,120088,26.5838
IGLN.UK,16/02/2018,26.7,26.7675,26.57,26.6425,153092,26.6425
IGLN.UK,19/02/2018,26.5,26.505,26.47,26.4863,57841,26.4863
IGLN.UK,20/02/2018,26.3,26.38,26.195,26.195,73502,26.195
IGLN.UK,21/02/2018,26.0675,26.18,26.0675,26.1138,49494,26.1138
IGLN.UK,22/02/2018,25.9925,26.16,25.97,26.1225,73916,26.1225
IGLN.UK,23/02/2018,26.1,26.165,26.1,26.115,69431,26.115
IGLN.UK,26/02/2018,26.325,26.345,26.19,26.19,67905,26.19
IGLN.UK,27/02/2018,26.22,26.22,25.905,25.905,78507,25.905
IGLN.UK,28/02/2018,25.92,25.96,25.88,25.9238,103425,25.9238
IGLN.UK,1/03/2018,25.8,25.8,25.65,25.715,165436,25.715
IGLN.UK,2/03/2018,25.945,26.035,25.89,25.96,139726,25.96
IGLN.UK,5/03/2018,26.0875,26.0875,25.955,25.99,40803,25.99
IGLN.UK,6/03/2018,25.9675,26.2875,25.9675,26.2875,32059,26.2875
IGLN.UK,7/03/2018,26.18,26.21,25.9975,26.02,891903,26.02
IGLN.UK,8/03/2018,26.115,26.115,25.9475,25.975,32347,25.975
IGLN.UK,9/03/2018,25.9275,26.02,25.835,25.985,551603,25.985
IGLN.UK,12/03/2018,25.9925,25.995,25.855,25.91,72198,25.91
IGLN.UK,13/03/2018,25.905,26.09,25.905,26.0538,107202,26.0538
IGLN.UK,14/03/2018,26.0325,26.085,26,26.035,74051,26.035
IGLN.UK,15/03/2018,26.04,26.04,25.87,25.87,38313,25.87
IGLN.UK,16/03/2018,25.95,25.9625,25.77,25.8175,39396,25.8175
IGLN.UK,19/03/2018,25.7325,25.935,25.73,25.915,367883,25.915
IGLN.UK,20/03/2018,25.8525,25.8525,25.71,25.7675,62480,25.7675
IGLN.UK,21/03/2018,25.89,26.06,25.84,26.0275,82677,26.0275
IGLN.UK,22/03/2018,26.185,26.2,26.08,26.085,86349,26.085
IGLN.UK,23/03/2018,26.335,26.53,26.335,26.5175,577090,26.5175
IGLN.UK,26/03/2018,26.425,26.6475,26.425,26.64,126109,26.64
IGLN.UK,27/03/2018,26.64,26.66,26.3575,26.3975,430715,26.3975
IGLN.UK,28/03/2018,26.3575,26.38,26.13,26.13,206762,26.13
IGLN.UK,29/03/2018,26.0075,26.055,25.9825,25.995,268897,25.995
IGLN.UK,3/04/2018,26.355,26.355,26.16,26.18,68693,26.18
IGLN.UK,4/04/2018,26.2525,26.48,26.24,26.2575,178135,26.2575
IGLN.UK,5/04/2018,26.06,26.12,26,26.0225,80434,26.0225
IGLN.UK,6/04/2018,26.0275,26.22,25.98,26.18,145124,26.18
IGLN.UK,9/04/2018,26.16,26.2175,26.08,26.2025,98752,26.2025
IGLN.UK,10/04/2018,26.2025,26.3325,26.2,26.2775,263305,26.2775
IGLN.UK,11/04/2018,26.7888,26.7888,26.4,26.7888,171400,26.7888
IGLN.UK,12/04/2018,26.54,26.55,26.26,26.2775,787844,26.2775
IGLN.UK,13/04/2018,26.28,26.45,26.2575,26.4438,97680,26.4438
IGLN.UK,16/04/2018,26.4025,26.5375,26.4025,26.49,125548,26.49
IGLN.UK,17/04/2018,26.5025,26.5025,26.3,26.4125,151043,26.4125
IGLN.UK,18/04/2018,26.395,26.6,26.395,26.56,69635,26.56
IGLN.UK,19/04/2018,26.605,26.61,26.4075,26.4075,121368,26.4075
IGLN.UK,20/04/2018,26.4175,26.4175,26.26,26.3075,57350,26.3075
IGLN.UK,23/04/2018,26.23,26.23,25.99,26.0138,123684,26.0138
IGLN.UK,24/04/2018,26.0425,26.13,26.03,26.1175,116235,26.1175
IGLN.UK,25/04/2018,26.0225,26.0425,25.94,25.955,71841,25.955
IGLN.UK,26/04/2018,26.0325,26.0425,25.865,25.865,108422,25.865
IGLN.UK,27/04/2018,25.9175,25.99,25.8825,25.9725,136190,25.9725
IGLN.UK,30/04/2018,25.88,25.8975,25.6425,25.8375,184396,25.8375
IGLN.UK,1/05/2018,25.735,25.735,25.59,25.6375,70724,25.6375
IGLN.UK,2/05/2018,25.74,25.7675,25.625,25.6688,1279783,25.6688
IGLN.UK,3/05/2018,25.715,25.9025,25.715,25.8175,359082,25.8175
IGLN.UK,4/05/2018,25.7525,25.83,25.7075,25.7525,529803,25.7525
IGLN.UK,8/05/2018,25.7975,25.83,25.68,25.71,84528,25.71
IGLN.UK,9/05/2018,25.7,25.88,25.655,25.83,2272432,25.83
IGLN.UK,10/05/2018,25.7625,25.98,25.76,25.9038,369096,25.9038
IGLN.UK,11/05/2018,25.9525,26.04,25.9525,25.9538,69557,25.9538
IGLN.UK,14/05/2018,25.9425,25.9425,25.915,25.925,84119,25.925
IGLN.UK,15/05/2018,25.77,25.77,25.3825,25.44,87785,25.44
IGLN.UK,16/05/2018,25.44,25.465,25.3025,25.3225,377655,25.3225
IGLN.UK,17/05/2018,25.335,25.3825,25.25,25.32,178068,25.32
IGLN.UK,18/05/2018,25.355,25.4075,25.2775,25.3775,165378,25.3775
IGLN.UK,21/05/2018,25.2125,25.345,25.1975,25.345,138039,25.345
IGLN.UK,22/05/2018,25.3075,25.455,25.3075,25.385,99810,25.385
IGLN.UK,23/05/2018,25.3425,25.4875,25.3275,25.405,186427,25.405
IGLN.UK,24/05/2018,25.46,25.6675,25.46,25.6475,363237,25.6475
IGLN.UK,25/05/2018,25.6,25.685,25.59,25.6125,410866,25.6125
IGLN.UK,29/05/2018,25.48,25.67,25.375,25.575,814258,25.575
IGLN.UK,30/05/2018,25.48,25.58,25.46,25.565,105192,25.565
IGLN.UK,31/05/2018,25.64,25.66,25.51,25.6,266653,25.6
IGLN.UK,1/06/2018,25.5225,25.535,25.37,25.5,274940,25.5
IGLN.UK,4/06/2018,25.3725,25.4825,25.3725,25.4138,258673,25.4138
IGLN.UK,5/06/2018,25.415,25.47,25.3675,25.47,131349,25.47
IGLN.UK,6/06/2018,25.4875,25.5675,25.43,25.535,221235,25.535
IGLN.UK,7/06/2018,25.51,25.6,25.44,25.51,246715,25.51
IGLN.UK,8/06/2018,25.435,25.535,25.4325,25.4975,150497,25.4975
IGLN.UK,11/06/2018,25.48,25.585,25.43,25.57,158452,25.57
IGLN.UK,12/06/2018,25.5025,25.5325,25.41,25.515,106659,25.515
IGLN.UK,13/06/2018,25.4375,25.51,25.385,25.51,62316,25.51
IGLN.UK,14/06/2018,25.59,25.71,25.58,25.645,107896,25.645
IGLN.UK,15/06/2018,25.5325,25.545,25.1325,25.1538,238177,25.1538
IGLN.UK,18/06/2018,25.1275,25.18,25.12,25.12,170992,25.12
IGLN.UK,19/06/2018,25.165,25.1825,24.975,25.04,131562,25.04
IGLN.UK,20/06/2018,25.01,25.0625,24.9625,25.0238,114833,25.0238
IGLN.UK,21/06/2018,24.83,24.9125,24.79,24.9,33984,24.9
IGLN.UK,22/06/2018,24.94,24.9525,24.9,24.9325,2215,24.9325
IGLN.UK,25/06/2018,24.885,24.955,24.87,24.885,76873,24.885
IGLN.UK,26/06/2018,24.8125,24.83,24.65,24.7625,50821,24.7625
IGLN.UK,27/06/2018,24.6975,24.7425,24.605,24.6225,121368,24.6225
IGLN.UK,28/06/2018,24.54,24.605,24.54,24.57,69004,24.57
IGLN.UK,29/06/2018,24.565,24.6075,24.535,24.585,155684,24.585
IGLN.UK,2/07/2018,24.5425,24.5675,24.445,24.445,17085970,24.445
IGLN.UK,3/07/2018,24.435,24.6725,24.415,24.6725,224,24.6725
IGLN.UK,4/07/2018,24.7575,24.7575,24.65,24.6825,12642,24.6825
IGLN.UK,5/07/2018,24.6625,24.72,24.58,24.72,166658,24.72
IGLN.UK,6/07/2018,24.68,24.6925,24.63,24.64,90423,24.64
IGLN.UK,9/07/2018,24.755,24.85,24.75,24.7725,221287,24.7725
IGLN.UK,10/07/2018,24.69,24.69,24.51,24.6488,368302,24.6488
IGLN.UK,11/07/2018,24.595,24.6,24.4825,24.4825,31732,24.4825
IGLN.UK,12/07/2018,24.44,24.5025,24.4075,24.5025,58029,24.5025
IGLN.UK,13/07/2018,24.4425,24.45,24.3,24.4025,63655,24.4025
IGLN.UK,16/07/2018,24.4325,24.44,24.33,24.33,206513,24.33
IGLN.UK,17/07/2018,24.405,24.435,24.0925,24.135,253794,24.135
IGLN.UK,18/07/2018,24.045,24.11,24,24.0775,204926,24.0775
IGLN.UK,19/07/2018,24.0275,24.03,23.8475,23.8975,105002,23.8975
IGLN.UK,20/07/2018,24.0225,24.19,24.015,24.1325,79334,24.1325
IGLN.UK,23/07/2018,24.14,24.1925,24.0425,24.0475,61602,24.0475
IGLN.UK,24/07/2018,23.9575,24.14,23.9575,24.0875,24602,24.0875
IGLN.UK,25/07/2018,24.0875,24.2175,24.0775,24.1338,43368,24.1338
IGLN.UK,26/07/2018,24.15,24.1675,24.0775,24.11,566414,24.11
IGLN.UK,27/07/2018,24.0375,24.065,23.8925,24.06,171382,24.06
IGLN.UK,30/07/2018,23.9625,24.05,23.945,24.045,84454,24.045
IGLN.UK,31/07/2018,24,24.03,23.84,24.025,242866,24.025
IGLN.UK,1/08/2018,24.0075,24.0275,23.8975,23.9275,90198,23.9275
IGLN.UK,2/08/2018,23.9275,23.9275,23.835,23.835,118659,23.835
IGLN.UK,3/08/2018,23.6875,23.95,23.6875,23.93,84672,23.93
IGLN.UK,6/08/2018,23.8225,23.8225,23.7225,23.785,150123,23.785
IGLN.UK,7/08/2018,23.8275,23.8775,23.78,23.81,57692,23.81
IGLN.UK,8/08/2018,23.8525,23.8625,23.69,23.77,86796,23.77
IGLN.UK,9/08/2018,23.82,23.89,23.79,23.8525,208400,23.8525
IGLN.UK,10/08/2018,23.725,23.89,23.7,23.83,446551,23.83
IGLN.UK,13/08/2018,23.7225,23.7225,23.4675,23.4888,297446,23.4888
IGLN.UK,14/08/2018,23.47,23.53,23.4475,23.4975,93039,23.4975
IGLN.UK,15/08/2018,23.335,23.35,23.14,23.1538,285352,23.1538
IGLN.UK,16/08/2018,23.075,23.195,23.0675,23.14,115846,23.14
IGLN.UK,17/08/2018,23.065,23.1775,23.065,23.1675,451473,23.1675
IGLN.UK,20/08/2018,23.285,23.35,23.285,23.295,17585,23.295
IGLN.UK,21/08/2018,23.4525,23.465,23.3325,23.3463,133063,23.3463
IGLN.UK,22/08/2018,23.4325,23.58,23.4325,23.48,67369,23.48
IGLN.UK,23/08/2018,23.37,23.4125,23.3,23.36,92752,23.36
IGLN.UK,24/08/2018,23.345,23.705,23.345,23.6938,140440,23.6938
IGLN.UK,28/08/2018,23.795,23.84,23.73,23.7375,138953,23.7375
IGLN.UK,29/08/2018,23.6325,23.6725,23.6075,23.64,44520,23.64
IGLN.UK,30/08/2018,23.61,23.6675,23.4975,23.56,69072,23.56
IGLN.UK,31/08/2018,23.65,23.72,23.5863,23.5863,73245,23.5863
IGLN.UK,3/09/2018,23.555,23.6325,23.5475,23.5825,33395,23.5825
IGLN.UK,4/09/2018,23.465,23.485,23.3675,23.41,203084,23.41
IGLN.UK,5/09/2018,23.4125,23.53,23.41,23.4975,227736,23.4975
IGLN.UK,6/09/2018,23.515,23.68,23.515,23.55,171946,23.55
IGLN.UK,7/09/2018,23.5725,23.6025,23.45,23.52,131478,23.52
IGLN.UK,10/09/2018,23.4375,23.5175,23.41,23.4988,111004,23.4988
IGLN.UK,11/09/2018,23.475,23.475,23.3325,23.4338,99021,23.4338
IGLN.UK,12/09/2018,23.4375,23.63,23.4375,23.6213,135624,23.6213
IGLN.UK,13/09/2018,23.665,23.795,23.6175,23.6263,820001,23.6263
IGLN.UK,14/09/2018,23.6775,23.72,23.49,23.495,2362252,23.495
IGLN.UK,17/09/2018,23.4725,23.64,23.46,23.6125,1644151,23.6125
IGLN.UK,18/09/2018,23.54,23.6175,23.485,23.53,1830360,23.53
IGLN.UK,19/09/2018,23.625,23.665,23.6,23.6275,3263789,23.6275
IGLN.UK,20/09/2018,23.6175,23.7075,23.5925,23.6425,1449352,23.6425
IGLN.UK,21/09/2018,23.715,23.715,23.4175,23.5025,2503603,23.5025
IGLN.UK,24/09/2018,23.5025,23.6325,23.5,23.575,595213,23.575
IGLN.UK,25/09/2018,23.5475,23.625,23.5475,23.5975,979495,23.5975
IGLN.UK,26/09/2018,23.5375,23.565,23.44,23.4475,1214996,23.4475
IGLN.UK,27/09/2018,23.465,23.4875,23.215,23.215,69468,23.215
IGLN.UK,28/09/2018,23.205,23.41,23.18,23.41,158280,23.41
IGLN.UK,1/10/2018,23.3025,23.3275,23.265,23.3275,89689,23.3275
IGLN.UK,2/10/2018,23.4125,23.7,23.3625,23.6863,149871,23.6863
IGLN.UK,3/10/2018,23.62,23.65,23.5225,23.5225,235325,23.5225
IGLN.UK,4/10/2018,23.555,23.68,23.535,23.6,163423,23.6
IGLN.UK,5/10/2018,23.5225,23.6325,23.5,23.5938,104104,23.5938
IGLN.UK,8/10/2018,23.4925,23.495,23.23,23.2438,346147,23.2438
IGLN.UK,9/10/2018,23.36,23.37,23.23,23.3375,61055,23.3375
IGLN.UK,10/10/2018,23.36,23.36,23.2875,23.3325,319315,23.3325
IGLN.UK,11/10/2018,23.425,23.9325,23.425,23.8875,785684,23.8875
IGLN.UK,12/10/2018,23.885,24.0175,23.885,23.94,476476,23.94
IGLN.UK,15/10/2018,24.0475,24.185,24.0375,24.08,832795,24.08
IGLN.UK,16/10/2018,24.075,24.18,24.075,24.115,336385,24.115
IGLN.UK,17/10/2018,24.005,24.125,24.005,24.0875,358074,24.0875
IGLN.UK,18/10/2018,23.96,24.0975,23.96,24.0975,139830,24.0975
IGLN.UK,19/10/2018,24.1025,24.165,24.01,24.0875,513701,24.0875
IGLN.UK,22/10/2018,24.0625,24.08,23.9625,23.965,464635,23.965
IGLN.UK,23/10/2018,24.14,24.3275,24.14,24.2125,591673,24.2125
IGLN.UK,24/10/2018,24.1725,24.2025,24.0625,24.1375,435528,24.1375
IGLN.UK,25/10/2018,24.24,24.24,24.115,24.145,187301,24.145
IGLN.UK,26/10/2018,24.1775,24.3775,24.1775,24.3325,464328,24.3325
IGLN.UK,29/10/2018,24.1525,24.1725,24.1,24.125,139557,24.125
IGLN.UK,30/10/2018,24.025,24.0675,23.945,24.015,164216,24.015
IGLN.UK,31/10/2018,23.855,23.9075,23.8025,23.855,197393,23.855
IGLN.UK,1/11/2018,24.03,24.2,24.015,24.2,1867321,24.2
IGLN.UK,2/11/2018,24.2225,24.25,24.16,24.1825,558692,24.1825
IGLN.UK,5/11/2018,24.205,24.2175,24.11,24.1588,284979,24.1588
IGLN.UK,6/11/2018,24.21,24.2525,24.08,24.08,89291,24.08
IGLN.UK,7/11/2018,24.1675,24.2675,24.0625,24.0825,110834,24.0825
IGLN.UK,8/11/2018,24.04,24.045,23.95,24.035,32013,24.035
IGLN.UK,9/11/2018,23.9425,23.9675,23.73,23.7475,153140,23.7475
IGLN.UK,12/11/2018,23.655,23.695,23.61,23.6275,28069,23.6275
IGLN.UK,13/11/2018,23.6,23.63,23.5025,23.62,123720,23.62
IGLN.UK,14/11/2018,23.575,23.6025,23.5125,23.6,114510,23.6
IGLN.UK,15/11/2018,23.7775,23.855,23.7025,23.81,118448,23.81
IGLN.UK,16/11/2018,23.8525,24.04,23.8525,23.9575,109495,23.9575
IGLN.UK,19/11/2018,23.95,24.0113,23.915,24.0113,86564,24.0113
IGLN.UK,20/11/2018,24.0475,24.07,23.9575,24.015,145129,24.015
IGLN.UK,21/11/2018,24.005,24.135,23.9925,24.085,573176,24.085
IGLN.UK,22/11/2018,24.0875,24.11,24.0775,24.0913,210929,24.0913
IGLN.UK,23/11/2018,24.02,24.02,23.95,24.0125,253667,24.0125
IGLN.UK,26/11/2018,24.08,24.1,23.99,24,547272,24
IGLN.UK,27/11/2018,23.945,24.03,23.805,23.805,838570,23.805
IGLN.UK,28/11/2018,23.81,23.8275,23.77,23.8275,66774,23.8275
IGLN.UK,29/11/2018,24.0525,24.11,24.02,24.0475,198317,24.0475
IGLN.UK,30/11/2018,24.025,24.025,23.9,23.9525,74164,23.9525
IGLN.UK,3/12/2018,24.165,24.2238,24.1,24.2238,957213,24.2238
IGLN.UK,4/12/2018,24.2725,24.35,24.27,24.3175,336899,24.3175
IGLN.UK,5/12/2018,24.2075,24.3075,24.2075,24.275,641932,24.275
IGLN.UK,6/12/2018,24.22,24.395,24.22,24.335,1623425,24.335
IGLN.UK,7/12/2018,24.3475,24.4625,24.3325,24.455,237590,24.455
IGLN.UK,10/12/2018,24.485,24.5,24.405,24.45,8335465,24.45
IGLN.UK,11/12/2018,24.4725,24.5075,24.3925,24.3925,1157195,24.3925
IGLN.UK,12/12/2018,24.375,24.455,24.375,24.4475,77896,24.4475
IGLN.UK,13/12/2018,24.45,24.45,24.3375,24.375,199908,24.375
IGLN.UK,14/12/2018,24.2925,24.325,24.2,24.325,565317,24.325
IGLN.UK,17/12/2018,24.3025,24.4,24.285,24.3913,290225,24.3913
IGLN.UK,18/12/2018,24.4775,24.53,24.46,24.4875,197694,24.4875
IGLN.UK,19/12/2018,24.5275,24.68,24.4775,24.6275,5934938,24.6275
IGLN.UK,20/12/2018,24.495,24.76,24.4925,24.685,867859,24.685
IGLN.UK,21/12/2018,24.7525,24.7875,24.6425,24.7063,653305,24.7063
IGLN.UK,24/12/2018,24.6625,24.795,24.6625,24.7575,14932,24.7575
IGLN.UK,27/12/2018,24.9125,25.0425,24.88,25.0025,66147,25.0025
IGLN.UK,28/12/2018,25.1275,25.15,25.0325,25.075,334017,25.075
IGLN.UK,31/12/2018,25.1375,25.2,25.12,25.1725,63452,25.1725
IGLN.UK,2/01/2019,25.395,25.395,25.1675,25.2438,732985,25.2438
IGLN.UK,3/01/2019,25.3075,25.41,25.195,25.3125,579393,25.3125
IGLN.UK,4/01/2019,25.395,25.405,25.0725,25.1825,359112,25.1825
IGLN.UK,7/01/2019,25.345,25.4,25.2525,25.2575,1134242,25.2575
IGLN.UK,8/01/2019,25.175,25.22,25.105,25.21,874134,25.21
IGLN.UK,9/01/2019,25.16,25.335,25.115,25.305,177943,25.305
IGLN.UK,10/01/2019,25.4175,25.4425,25.2775,25.28,283052,25.28
IGLN.UK,11/01/2019,25.375,25.39,25.25,25.295,130447,25.295
IGLN.UK,14/01/2019,25.365,25.4125,25.2725,25.3175,253903,25.3175
IGLN.UK,15/01/2019,25.2875,25.3725,25.225,25.275,752853,25.275
IGLN.UK,16/01/2019,25.2925,25.3975,25.275,25.3975,266732,25.3975
IGLN.UK,17/01/2019,25.3575,25.4,25.2925,25.34,345616,25.34
IGLN.UK,18/01/2019,25.3025,25.3025,25.155,25.165,128470,25.165
IGLN.UK,21/01/2019,25.1475,25.1475,25.05,25.1125,375237,25.1125
IGLN.UK,22/01/2019,25.13,25.1975,25.1075,25.1325,592448,25.1325
IGLN.UK,23/01/2019,25.1875,25.2225,25.0925,25.1988,414102,25.1988
IGLN.UK,24/01/2019,25.1125,25.1875,25.07,25.17,623872,25.17
IGLN.UK,25/01/2019,25.1975,25.505,25.1625,25.485,238582,25.485
IGLN.UK,28/01/2019,25.52,25.5625,25.4525,25.5625,782113,25.5625
IGLN.UK,29/01/2019,25.64,25.72,25.62,25.6875,272393,25.6875
IGLN.UK,30/01/2019,25.7825,25.8,25.7,25.7275,160059,25.7275
IGLN.UK,31/01/2019,25.9025,26,25.895,25.925,465668,25.925
IGLN.UK,1/02/2019,25.86,25.9475,25.84,25.8575,740006,25.8575
IGLN.UK,4/02/2019,25.765,25.785,25.7,25.7775,64717,25.7775
IGLN.UK,5/02/2019,25.7475,25.8025,25.74,25.785,369782,25.785
IGLN.UK,6/02/2019,25.795,25.795,25.73,25.73,223056,25.73
IGLN.UK,7/02/2019,25.5775,25.71,25.57,25.7,138615,25.7
IGLN.UK,8/02/2019,25.6725,25.7825,25.6725,25.7725,386967,25.7725
IGLN.UK,11/02/2019,25.7225,25.7225,25.595,25.675,134098,25.675
IGLN.UK,12/02/2019,25.735,25.7625,25.675,25.69,112598,25.69
IGLN.UK,13/02/2019,25.73,25.83,25.67,25.7625,218104,25.7625
IGLN.UK,14/02/2019,25.6875,25.725,25.55,25.715,177022,25.715
IGLN.UK,15/02/2019,25.7875,25.865,25.78,25.8125,1245393,25.8125
IGLN.UK,18/02/2019,25.92,26.04,25.92,26.02,241486,26.02
IGLN.UK,19/02/2019,26,26.26,26,26.2325,229755,26.2325
IGLN.UK,20/02/2019,26.3225,26.3763,26.315,26.3763,240162,26.3763
IGLN.UK,21/02/2019,26.2625,26.265,26.09,26.1025,533564,26.1025
IGLN.UK,22/02/2019,26.0175,26.0925,25.925,26.0813,258739,26.0813
IGLN.UK,25/02/2019,26.0875,26.11,26,26.0338,167271,26.0338
IGLN.UK,26/02/2019,25.9775,26.0425,25.95,26.0163,8609045,26.0163
IGLN.UK,27/02/2019,26.0175,26.045,25.885,25.885,699609,25.885
IGLN.UK,28/02/2019,25.9175,26.0125,25.75,25.7925,289870,25.7925
IGLN.UK,1/03/2019,25.66,25.705,25.555,25.555,578947,25.555
IGLN.UK,4/03/2019,25.3275,25.3275,25.17,25.235,383191,25.235
IGLN.UK,5/03/2019,25.2,25.235,25.15,25.18,103959,25.18
IGLN.UK,6/03/2019,25.27,25.28,25.1825,25.2225,231800,25.2225
IGLN.UK,7/03/2019,25.1825,25.2575,25.135,25.21,773072,25.21
IGLN.UK,8/03/2019,25.3675,25.4775,25.335,25.4775,175243,25.4775
IGLN.UK,11/03/2019,25.425,25.4375,25.3275,25.3375,65455,25.3375
IGLN.UK,12/03/2019,25.39,25.45,25.39,25.4475,78161,25.4475
IGLN.UK,13/03/2019,25.57,25.66,25.57,25.65,69034,25.65
IGLN.UK,14/03/2019,25.54,25.5475,25.3625,25.4,132124,25.4
IGLN.UK,15/03/2019,25.5625,25.6075,25.5275,25.53,47158,25.53
IGLN.UK,18/03/2019,25.5875,25.6075,25.5525,25.5675,30944,25.5675
IGLN.UK,19/03/2019,25.58,25.68,25.5775,25.6375,158057,25.6375
IGLN.UK,20/03/2019,25.55,25.5925,25.465,25.5038,91659,25.5038
IGLN.UK,21/03/2019,25.8575,25.8675,25.5725,25.5725,706936,25.5725
IGLN.UK,22/03/2019,25.7175,25.765,25.7,25.73,91281,25.73
IGLN.UK,25/03/2019,25.8175,25.9225,25.81,25.9225,128562,25.9225
IGLN.UK,26/03/2019,25.815,25.8525,25.7375,25.7688,95273,25.7688
IGLN.UK,27/03/2019,25.7575,25.85,25.69,25.69,46090,25.69
IGLN.UK,28/03/2019,25.6675,25.68,25.2725,25.2725,294897,25.2725
IGLN.UK,29/03/2019,25.2625,25.4725,25.25,25.4075,240679,25.4075
IGLN.UK,1/04/2019,25.2825,25.41,25.27,25.335,140522,25.335
IGLN.UK,2/04/2019,25.2175,25.325,25.215,25.315,116187,25.315
IGLN.UK,3/04/2019,25.3375,25.3775,25.27,25.285,105515,25.285
IGLN.UK,4/04/2019,25.345,25.345,25.1275,25.2575,199665,25.2575
IGLN.UK,5/04/2019,25.27,25.34,25.2325,25.3225,322421,25.3225
IGLN.UK,8/04/2019,25.42,25.5225,25.42,25.4425,183762,25.4425
IGLN.UK,9/04/2019,25.4625,25.575,25.4625,25.5725,199785,25.5725
IGLN.UK,10/04/2019,25.5875,25.66,25.54,25.66,74791,25.66
IGLN.UK,11/04/2019,25.6175,25.6175,25.38,25.38,185575,25.38
IGLN.UK,12/04/2019,25.3625,25.3925,25.3075,25.3413,260595,25.3413
IGLN.UK,15/04/2019,25.2225,25.2575,25.17,25.2475,235740,25.2475
IGLN.UK,16/04/2019,25.1925,25.1925,24.9825,24.99,188461,24.99
IGLN.UK,17/04/2019,25.0525,25.08,24.965,24.98,91142,24.98
IGLN.UK,18/04/2019,24.9325,25.0225,24.9325,24.98,82422,24.98
IGLN.UK,23/04/2019,24.9375,24.9725,24.835,24.8875,159752,24.8875
IGLN.UK,24/04/2019,24.9075,25.025,24.8825,25.0013,86034,25.0013
IGLN.UK,25/04/2019,25.01,25.13,25.01,25.05,57275,25.05
IGLN.UK,26/04/2019,25.1325,25.25,24.995,25.2375,122756,25.2375
IGLN.UK,29/04/2019,25.165,25.165,25.06,25.08,244589,25.08
IGLN.UK,30/04/2019,25.15,25.205,25.1,25.1675,74098,25.1675
IGLN.UK,1/05/2019,25.0375,25.18,25.0375,25.1338,80537,25.1338
IGLN.UK,2/05/2019,24.92,24.9275,24.8275,24.8963,52415,24.8963
IGLN.UK,3/05/2019,24.92,25.14,24.8825,25.1175,98728,25.1175
IGLN.UK,7/05/2019,25.13,25.1675,25.0575,25.1675,84845,25.1675
IGLN.UK,8/05/2019,25.2325,25.275,25.13,25.135,167648,25.135
IGLN.UK,9/05/2019,25.155,25.24,25.115,25.185,218333,25.185
IGLN.UK,10/05/2019,25.1975,25.255,25.175,25.25,74120,25.25
IGLN.UK,13/05/2019,25.1275,25.465,25.1275,25.44,246179,25.44
IGLN.UK,14/05/2019,25.43,25.4625,25.385,25.385,1298474,25.385
IGLN.UK,15/05/2019,25.36,25.485,25.36,25.395,194655,25.395
IGLN.UK,16/05/2019,25.41,25.43,25.185,25.185,92596,25.185
IGLN.UK,17/05/2019,25.25,25.25,25.0025,25.0025,110294,25.0025
IGLN.UK,20/05/2019,25,25.055,24.9875,25.045,243672,25.045
IGLN.UK,21/05/2019,24.9875,25.015,24.8975,24.9625,46023,24.9625
IGLN.UK,22/05/2019,24.955,25.0225,24.955,25.005,300085,25.005
IGLN.UK,23/05/2019,24.975,25.2225,24.9575,25.2063,351809,25.2063
IGLN.UK,24/05/2019,25.15,25.165,25.1075,25.165,71706,25.165
IGLN.UK,28/05/2019,25.145,25.19,25.0225,25.06,507137,25.06
IGLN.UK,29/05/2019,24.9975,25.1975,24.9975,25.105,196390,25.105
IGLN.UK,30/05/2019,25.015,25.2575,25.015,25.2375,2138281,25.2375
IGLN.UK,31/05/2019,25.55,25.55,25.35,25.4888,349519,25.4888
IGLN.UK,3/06/2019,25.6625,25.8675,25.6625,25.835,1543974,25.835
IGLN.UK,4/06/2019,25.99,26.0425,25.87,25.89,266437,25.89
IGLN.UK,5/06/2019,26.0775,26.32,26.02,26.0225,1079451,26.0225
IGLN.UK,6/06/2019,26.115,26.22,26.115,26.2,205543,26.2
IGLN.UK,7/06/2019,26.1225,26.385,26.1225,26.33,528597,26.33
IGLN.UK,10/06/2019,26,26.06,25.9725,26.0275,184925,26.0275
IGLN.UK,11/06/2019,25.97,25.9925,25.87,25.9875,342651,25.9875
IGLN.UK,12/06/2019,26.155,26.2125,26.1025,26.155,135033,26.155
IGLN.UK,13/06/2019,26.22,26.265,26.15,26.265,33573,26.265
IGLN.UK,14/06/2019,26.745,26.745,26.395,26.4575,295417,26.4575
IGLN.UK,17/06/2019,26.23,26.3,26.125,26.26,277633,26.26
IGLN.UK,18/06/2019,26.365,26.5325,26.275,26.415,441925,26.415
IGLN.UK,19/06/2019,26.37,26.37,26.3,26.36,180475,26.36
IGLN.UK,20/06/2019,27.1075,27.145,27,27.135,192110,27.135
IGLN.UK,21/06/2019,27.2675,27.4125,27.0975,27.35,849745,27.35
IGLN.UK,24/06/2019,27.5,27.745,27.4575,27.7275,276056,27.7275
IGLN.UK,25/06/2019,28.005,28.12,27.91,27.98,530226,27.98
IGLN.UK,26/06/2019,27.545,27.6775,27.48,27.665,2190402,27.665
IGLN.UK,27/06/2019,27.5025,27.58,27.445,27.545,521004,27.545
IGLN.UK,28/06/2019,27.675,27.715,27.545,27.6725,482122,27.6725
IGLN.UK,1/07/2019,27.2725,27.3275,27.0675,27.2525,395767,27.2525
IGLN.UK,2/07/2019,27.2625,27.46,27.2425,27.46,133467,27.46
IGLN.UK,3/07/2019,27.93,27.95,27.695,27.78,134223,27.78
IGLN.UK,4/07/2019,27.7075,27.7525,27.68,27.725,132915,27.725
IGLN.UK,5/07/2019,27.7,27.7375,27.185,27.4075,97989,27.4075
IGLN.UK,8/07/2019,27.53,27.5575,27.345,27.37,290222,27.37
IGLN.UK,9/07/2019,27.3175,27.39,27.18,27.39,869577,27.39
IGLN.UK,10/07/2019,27.2475,27.6375,27.2475,27.5975,304422,27.5975
IGLN.UK,11/07/2019,27.8475,27.89,27.62,27.67,233642,27.67
IGLN.UK,12/07/2019,27.615,27.645,27.51,27.6175,1850871,27.6175
IGLN.UK,15/07/2019,27.705,27.7575,27.605,27.665,231873,27.665
IGLN.UK,16/07/2019,27.73,27.735,27.59,27.61,81850,27.61
IGLN.UK,17/07/2019,27.5375,27.89,27.4475,27.8825,161261,27.8825
IGLN.UK,18/07/2019,27.83,27.935,27.75,27.9325,137843,27.9325
IGLN.UK,19/07/2019,28.1775,28.2225,27.9675,27.9875,257367,27.9875
IGLN.UK,22/07/2019,27.945,27.9825,27.9175,27.9525,133339,27.9525
IGLN.UK,23/07/2019,27.77,28.015,27.77,27.8325,164924,27.8325
IGLN.UK,24/07/2019,27.86,28,27.86,27.88,233972,27.88
IGLN.UK,25/07/2019,27.9175,28.0525,27.75,27.815,240110,27.815
IGLN.UK,26/07/2019,27.7875,27.86,27.77,27.7875,66061,27.7875
IGLN.UK,29/07/2019,27.79,27.8575,27.775,27.815,394344,27.815
IGLN.UK,30/07/2019,27.9325,28.015,27.915,27.9775,526426,27.9775
IGLN.UK,31/07/2019,28.06,28.1025,27.955,27.98,135422,27.98
IGLN.UK,1/08/2019,27.5375,27.78,27.4125,27.78,332185,27.78
IGLN.UK,2/08/2019,28.085,28.3275,28.0525,28.3075,424930,28.3075
IGLN.UK,5/08/2019,28.5,28.7825,28.5,28.615,219134,28.615
IGLN.UK,6/08/2019,28.65,28.8725,28.575,28.86,541889,28.86
IGLN.UK,7/08/2019,29.105,29.5775,29.095,29.4825,294814,29.4825
IGLN.UK,8/08/2019,29.315,29.39,29.2325,29.32,355444,29.32
IGLN.UK,9/08/2019,29.455,29.485,29.2875,29.4425,186544,29.4425
IGLN.UK,12/08/2019,29.2025,29.545,29.16,29.49,127501,29.49
IGLN.UK,13/08/2019,29.8225,30.0425,28.985,29.445,432788,29.445
IGLN.UK,14/08/2019,29.3475,29.7625,29.345,29.6875,490561,29.6875
IGLN.UK,15/08/2019,29.8375,29.8375,29.575,29.715,420193,29.715
IGLN.UK,16/08/2019,29.75,29.75,29.48,29.58,155642,29.58
IGLN.UK,19/08/2019,29.5325,29.535,29.25,29.3875,185235,29.3875
IGLN.UK,20/08/2019,29.3175,29.5275,29.3175,29.4425,1357323,29.4425
IGLN.UK,21/08/2019,29.35,29.465,29.3175,29.46,190802,29.46
IGLN.UK,22/08/2019,29.4,29.47,29.26,29.3925,158179,29.3925
IGLN.UK,23/08/2019,29.3025,29.9175,29.28,29.8863,168370,29.8863
IGLN.UK,27/08/2019,30.0275,30.2175,29.9425,30.2075,388663,30.2075
IGLN.UK,28/08/2019,30.13,30.2925,30.0775,30.1075,914024,30.1075
IGLN.UK,29/08/2019,30.355,30.355,30.065,30.1125,146422,30.1125
IGLN.UK,30/08/2019,29.94,29.985,29.8425,29.9475,119326,29.9475
IGLN.UK,2/09/2019,29.8275,29.92,29.79,29.89,322590,29.89
IGLN.UK,3/09/2019,29.9025,30.35,29.9025,30.31,428790,30.31
IGLN.UK,4/09/2019,30.115,30.335,30.05,30.3025,125362,30.3025
IGLN.UK,5/09/2019,30.315,30.345,29.52,29.77,524326,29.77
IGLN.UK,6/09/2019,29.6825,29.8725,29.43,29.7775,323620,29.7775
IGLN.UK,9/09/2019,29.7375,29.7375,29.335,29.3975,428573,29.3975
IGLN.UK,10/09/2019,29.205,29.3875,29.18,29.3275,269466,29.3275
IGLN.UK,11/09/2019,29.2375,29.2975,29.15,29.2625,346704,29.2625
IGLN.UK,12/09/2019,29.4,29.83,29.4,29.5,239247,29.5
IGLN.UK,13/09/2019,29.47,29.5225,29.2475,29.2475,808449,29.2475
IGLN.UK,16/09/2019,29.475,29.48,29.3125,29.43,212874,29.43
IGLN.UK,17/09/2019,29.2675,29.4625,29.22,29.4475,191071,29.4475
IGLN.UK,18/09/2019,29.4,29.58,29.39,29.58,131921,29.58
IGLN.UK,19/09/2019,29.3125,29.44,29.26,29.32,169495,29.32
IGLN.UK,20/09/2019,29.45,29.4975,29.3575,29.4175,328393,29.4175
IGLN.UK,23/09/2019,29.6425,29.885,29.61,29.83,500752,29.83
IGLN.UK,24/09/2019,29.805,29.8925,29.69,29.8925,555937,29.8925
IGLN.UK,25/09/2019,29.95,30.015,29.6375,29.6725,651434,29.6725
IGLN.UK,26/09/2019,29.555,29.5875,29.435,29.5675,523748,29.5675
IGLN.UK,27/09/2019,29.3625,29.3625,29.145,29.2075,194214,29.2075
IGLN.UK,30/09/2019,29.195,29.195,28.7425,28.7425,194238,28.7425
IGLN.UK,1/10/2019,28.6725,29.07,28.5725,29.0675,294554,29.0675
IGLN.UK,2/10/2019,28.91,29.4175,28.7725,29.4175,1098488,29.4175
IGLN.UK,3/10/2019,29.3275,29.7425,29.315,29.5625,345392,29.5625
IGLN.UK,4/10/2019,29.535,29.5675,29.32,29.44,306945,29.44
IGLN.UK,7/10/2019,29.4825,29.505,29.295,29.3675,129098,29.3675
IGLN.UK,8/10/2019,29.215,29.5225,29.215,29.45,305219,29.45
IGLN.UK,9/10/2019,29.53,29.57,29.375,29.51,785498,29.51
IGLN.UK,10/10/2019,29.4925,29.57,29.23,29.275,289567,29.275
IGLN.UK,11/10/2019,29.3675,29.43,28.8775,28.945,972037,28.945
IGLN.UK,14/10/2019,29.135,29.295,29.125,29.2175,769007,29.2175
IGLN.UK,15/10/2019,29.1775,29.34,28.945,29.015,928048,29.015
IGLN.UK,16/10/2019,28.995,29.18,28.965,29.1325,248106,29.1325
IGLN.UK,17/10/2019,29.185,29.275,29.025,29.275,307384,29.275
IGLN.UK,18/10/2019,29.1625,29.23,29.0775,29.225,1293462,29.225
IGLN.UK,21/10/2019,29.2125,29.27,29.045,29.065,510020,29.065
IGLN.UK,22/10/2019,29.105,29.1475,29.0475,29.06,193318,29.06
IGLN.UK,23/10/2019,29.205,29.285,29.195,29.255,204715,29.255
IGLN.UK,24/10/2019,29.2175,29.4275,29.145,29.365,315136,29.365
IGLN.UK,25/10/2019,29.4575,29.715,29.4525,29.5275,351157,29.5275
IGLN.UK,28/10/2019,29.475,29.505,29.1725,29.195,120752,29.195
IGLN.UK,29/10/2019,29.255,29.2625,29.08,29.15,135354,29.15
IGLN.UK,30/10/2019,29.14,29.265,29.135,29.2475,177795,29.2475
IGLN.UK,31/10/2019,29.375,29.635,29.3625,29.5925,373701,29.5925
IGLN.UK,1/11/2019,29.605,29.815,29.4475,29.5625,60373,29.5625
IGLN.UK,4/11/2019,29.6375,29.6375,29.4675,29.4675,766346,29.4675
IGLN.UK,5/11/2019,29.4975,29.5,28.9925,28.9925,179929,28.9925
IGLN.UK,6/11/2019,29.0775,29.1575,29.0375,29.14,147545,29.14
IGLN.UK,7/11/2019,29.1075,29.125,28.6975,28.6975,781222,28.6975
IGLN.UK,8/11/2019,28.81,28.8325,28.5125,28.71,411811,28.71
IGLN.UK,11/11/2019,28.68,28.6975,28.35,28.4975,806963,28.4975
IGLN.UK,12/11/2019,28.4375,28.4925,28.355,28.42,601725,28.42
IGLN.UK,13/11/2019,28.585,28.705,28.5525,28.645,4999220,28.645
IGLN.UK,14/11/2019,28.7075,28.8025,28.6875,28.8025,328475,28.8025
IGLN.UK,15/11/2019,28.6525,28.75,28.6375,28.7025,168858,28.7025
IGLN.UK,18/11/2019,28.645,28.8475,28.535,28.815,71133,28.815
IGLN.UK,19/11/2019,28.755,28.8375,28.68,28.83,51910,28.83
IGLN.UK,20/11/2019,28.92,28.9375,28.7,28.725,188146,28.725
IGLN.UK,21/11/2019,28.78,28.8425,28.645,28.7375,78217,28.7375
IGLN.UK,22/11/2019,28.7075,28.8225,28.62,28.6925,275920,28.6925
IGLN.UK,25/11/2019,28.56,28.5875,28.465,28.53,100348,28.53
IGLN.UK,26/11/2019,28.49,28.6075,28.3925,28.5975,158760,28.5975
IGLN.UK,27/11/2019,28.5425,28.58,28.4,28.4575,300404,28.4575
IGLN.UK,28/11/2019,28.52,28.53,28.4825,28.49,200257,28.49
IGLN.UK,29/11/2019,28.5375,28.6725,28.4625,28.6725,45034,28.6725
IGLN.UK,2/12/2019,28.5475,28.6725,28.47,28.6725,72994,28.6725
IGLN.UK,3/12/2019,28.6375,28.9925,28.6175,28.985,244100,28.985
IGLN.UK,4/12/2019,29.045,29.045,28.795,28.8375,773339,28.8375
IGLN.UK,5/12/2019,28.86,28.9475,28.8325,28.9475,232196,28.9475
IGLN.UK,6/12/2019,28.835,28.96,28.5575,28.5575,160256,28.5575
IGLN.UK,9/12/2019,28.605,28.675,28.595,28.6075,45809,28.6075
IGLN.UK,10/12/2019,28.63,28.74,28.63,28.6475,120830,28.6475
IGLN.UK,11/12/2019,28.6775,28.8325,28.645,28.81,196064,28.81
IGLN.UK,12/12/2019,28.845,29.08,28.6725,28.7325,214475,28.7325
IGLN.UK,13/12/2019,28.77,28.89,28.7225,28.88,3099910,28.88
IGLN.UK,16/12/2019,28.9,28.9575,28.845,28.855,535309,28.855
IGLN.UK,17/12/2019,28.9,28.965,28.8625,28.8925,128073,28.8925
IGLN.UK,18/12/2019,28.9075,28.9525,28.7825,28.8725,420836,28.8725
IGLN.UK,19/12/2019,28.885,28.925,28.8325,28.92,114652,28.92
IGLN.UK,20/12/2019,28.9225,28.9775,28.8825,28.8825,129842,28.8825
IGLN.UK,23/12/2019,29.0325,29.075,28.98,29.03,580979,29.03
IGLN.UK,24/12/2019,29.1525,29.205,29.1525,29.1725,19290,29.1725
IGLN.UK,27/12/2019,29.7175,29.73,29.5325,29.6488,460055,29.6488
IGLN.UK,30/12/2019,29.6,29.665,29.5675,29.645,432015,29.645
IGLN.UK,31/12/2019,29.8225,29.84,29.775,29.775,33677,29.775
IGLN.UK,2/01/2020,29.7375,29.9625,29.73,29.9075,646836,29.9075
IGLN.UK,3/01/2020,30.2175,30.35,30.19,30.3325,350193,30.3325
IGLN.UK,6/01/2020,30.7725,30.9,30.5625,30.565,131469,30.565
IGLN.UK,7/01/2020,30.7025,30.7375,30.625,30.7225,155446,30.7225
IGLN.UK,8/01/2020,31.0775,31.0775,30.6175,30.72,264337,30.72
IGLN.UK,9/01/2020,30.2525,30.4325,30.225,30.34,445348,30.34
IGLN.UK,10/01/2020,30.3625,30.5325,30.28,30.5325,181617,30.5325
IGLN.UK,13/01/2020,30.39,30.445,30.2625,30.3775,278520,30.3775
IGLN.UK,14/01/2020,30.2,30.27,30.1625,30.19,219485,30.19
IGLN.UK,15/01/2020,30.375,30.4375,30.28,30.3475,279897,30.3475
IGLN.UK,16/01/2020,30.3975,30.47,30.2925,30.3475,227573,30.3475
IGLN.UK,17/01/2020,30.4375,30.5375,30.41,30.48,235896,30.48
IGLN.UK,20/01/2020,30.555,30.555,30.5,30.5425,247502,30.5425
IGLN.UK,21/01/2020,30.5175,30.55,30.27,30.48,228208,30.48
IGLN.UK,22/01/2020,30.405,30.51,30.405,30.4675,288427,30.4675
IGLN.UK,23/01/2020,30.4075,30.65,30.37,30.65,916788,30.65
IGLN.UK,24/01/2020,30.5175,30.8075,30.46,30.7625,1167431,30.7625
IGLN.UK,27/01/2020,30.9,31.025,30.845,30.965,336956,30.965
IGLN.UK,28/01/2020,30.865,30.9625,30.675,30.7075,1184644,30.7075
IGLN.UK,29/01/2020,30.7075,30.795,30.665,30.735,378623,30.735
IGLN.UK,30/01/2020,30.94,30.99,30.7675,30.9775,310359,30.9775
IGLN.UK,31/01/2020,30.8375,31.07,30.8375,31.05,287475,31.05
IGLN.UK,3/02/2020,30.8375,30.925,30.7425,30.87,320097,30.87
IGLN.UK,4/02/2020,30.78,30.78,30.3525,30.38,450911,30.38
IGLN.UK,5/02/2020,30.5375,30.56,30.275,30.5075,372087,30.5075
IGLN.UK,6/02/2020,30.5,30.6775,30.4925,30.605,507543,30.605
IGLN.UK,7/02/2020,30.605,30.7725,30.6025,30.6425,165035,30.6425
IGLN.UK,10/02/2020,30.7575,30.8175,30.745,30.805,153882,30.805
IGLN.UK,11/02/2020,30.7,30.79,30.5725,30.64,411313,30.64
IGLN.UK,12/02/2020,30.63,30.7,30.57,30.7,377049,30.7
IGLN.UK,13/02/2020,30.8175,30.88,30.7575,30.8225,201248,30.8225
IGLN.UK,14/02/2020,30.8275,30.98,30.81,30.945,625778,30.945
IGLN.UK,17/02/2020,30.92,30.9625,30.91,30.95,128210,30.95
IGLN.UK,18/02/2020,31.07,31.4075,31.04,31.3525,253689,31.3525
IGLN.UK,19/02/2020,31.4075,31.5225,31.3525,31.405,261893,31.405
IGLN.UK,20/02/2020,31.445,31.745,31.4325,31.745,1657274,31.745
IGLN.UK,21/02/2020,31.95,32.2625,31.93,32.09,344124,32.09
IGLN.UK,24/02/2020,32.715,33.035,32.6525,32.745,848038,32.745
IGLN.UK,25/02/2020,32.255,32.4125,32.0775,32.28,1345794,32.28
IGLN.UK,26/02/2020,32.18,32.3475,31.8025,32.0625,419210,32.0625
IGLN.UK,27/02/2020,32.22,32.4825,32.17,32.3225,3147293,32.3225
IGLN.UK,28/02/2020,31.85,32.0975,30.9,31.0975,952702,31.0975
IGLN.UK,2/03/2020,31.27,31.6175,31.1375,31.205,3241167,31.205
IGLN.UK,3/03/2020,31.2125,32.125,31.2,32.035,416520,32.035
IGLN.UK,4/03/2020,32.005,32.25,31.9925,32.1,506594,32.1
IGLN.UK,5/03/2020,32.05,32.505,32.035,32.4675,501193,32.4675
IGLN.UK,6/03/2020,32.7025,33.06,32.19,32.6375,567385,32.6375
IGLN.UK,9/03/2020,32.9,32.9425,32.5125,32.6475,1829992,32.6475
IGLN.UK,10/03/2020,32.49,32.6,32.3,32.39,338414,32.39
IGLN.UK,11/03/2020,32.51,32.6825,32.0725,32.0725,758301,32.0725
IGLN.UK,12/03/2020,32.0875,32.165,30.54,30.89,754575,30.89
IGLN.UK,13/03/2020,31.13,31.28,29.805,29.8625,380993,29.8625
IGLN.UK,16/03/2020,29.9725,30.1675,28.3,29.52,1049093,29.52
IGLN.UK,17/03/2020,29.115,30.345,28.6775,29.9475,550076,29.9475
IGLN.UK,18/03/2020,29.315,29.73,28.4475,28.4475,585248,28.4475
IGLN.UK,19/03/2020,29.0075,29.18,28.645,28.8125,1307563,28.8125
IGLN.UK,20/03/2020,29.5425,29.5875,29,29.075,1061465,29.075
IGLN.UK,23/03/2020,29.1575,30.3125,29.09,30.2,1475575,30.2
IGLN.UK,24/03/2020,30.5325,32.0075,30.5325,31.7825,1603110,31.7825
IGLN.UK,25/03/2020,31.61,31.875,31.25,31.6625,660763,31.6625
IGLN.UK,26/03/2020,31.43,32.0825,31.3425,31.95,961358,31.95
IGLN.UK,27/03/2020,31.7825,32.665,31.5675,31.7975,424220,31.7975
IGLN.UK,30/03/2020,31.6625,31.85,31.615,31.66,417802,31.66
IGLN.UK,31/03/2020,31.685,31.685,31.1975,31.4975,590678,31.4975
IGLN.UK,1/04/2020,31.0975,31.375,30.775,31.035,597615,31.035
IGLN.UK,2/04/2020,31.1575,31.58,31.0325,31.52,565842,31.52
IGLN.UK,3/04/2020,31.535,31.735,31.3975,31.65,490494,31.65
IGLN.UK,6/04/2020,31.805,32.325,31.7825,32.2775,989474,32.2775
IGLN.UK,7/04/2020,32.4225,32.6,32.15,32.3725,807775,32.3725
IGLN.UK,8/04/2020,32.1325,32.4525,32.1225,32.265,3768616,32.265
IGLN.UK,9/04/2020,32.3575,32.9775,32.3575,32.875,1558870,32.875
IGLN.UK,14/04/2020,33.505,34.7,33.3225,33.9175,984181,33.9175
IGLN.UK,15/04/2020,33.665,33.7725,33.3025,33.6225,1038993,33.6225
IGLN.UK,16/04/2020,33.705,34.01,33.58,33.7275,760555,33.7275
IGLN.UK,17/04/2020,33.3625,33.3825,32.93,33.1425,1049696,33.1425
IGLN.UK,20/04/2020,32.9125,33.2275,32.7,33.125,1067865,33.125
IGLN.UK,21/04/2020,33.175,33.2525,32.37,32.8225,1673047,32.8225
IGLN.UK,22/04/2020,32.905,33.5175,32.8425,33.4175,510351,33.4175
IGLN.UK,23/04/2020,33.5375,34.0175,33.47,33.8975,598467,33.8975
IGLN.UK,24/04/2020,33.89,33.95,33.5,33.5125,554643,33.5125
IGLN.UK,27/04/2020,33.555,33.735,33.3225,33.515,573106,33.515
IGLN.UK,28/04/2020,33.29,33.5225,33.1,33.32,717082,33.32
IGLN.UK,29/04/2020,33.4225,33.475,33.2,33.3325,663852,33.3325
IGLN.UK,30/04/2020,33.5925,33.6725,33.165,33.315,547647,33.315
IGLN.UK,1/05/2020,32.785,33.2075,32.6775,33.2075,523177,33.2075
IGLN.UK,4/05/2020,33.3375,33.4675,33.21,33.35,373763,33.35
IGLN.UK,5/05/2020,33.2375,33.35,33.0775,33.2425,566000,33.2425
IGLN.UK,6/05/2020,33.3475,33.3975,32.9375,33.0725,692933,33.0725
IGLN.UK,7/05/2020,33.005,33.33,33.005,33.3025,632454,33.3025
IGLN.UK,11/05/2020,33.3975,33.4425,33.1,33.205,818693,33.205
IGLN.UK,12/05/2020,33.2275,33.4875,33.21,33.4,601241,33.4
IGLN.UK,13/05/2020,33.31,33.6075,33.245,33.5625,649276,33.5625
IGLN.UK,14/05/2020,33.5875,34,33.4725,33.875,705301,33.875
IGLN.UK,15/05/2020,33.945,34.1675,33.845,34.1125,564300,34.1125
IGLN.UK,18/05/2020,34.4425,34.54,33.8,33.9175,699497,33.9175
IGLN.UK,19/05/2020,33.8075,34.1525,33.7725,34.0175,841782,34.0175
IGLN.UK,20/05/2020,34.2575,34.3,34.0675,34.195,585705,34.195
IGLN.UK,21/05/2020,33.95,34.0475,33.585,33.67,681143,33.67
IGLN.UK,22/05/2020,33.955,34.0125,33.81,33.89,576186,33.89
IGLN.UK,26/05/2020,33.8425,33.9,33.4375,33.525,1382153,33.525
IGLN.UK,27/05/2020,33.355,33.4375,33.1225,33.25,993239,33.25
IGLN.UK,28/05/2020,33.625,33.7625,33.5875,33.65,524538,33.65
IGLN.UK,29/05/2020,33.66,33.9325,33.6075,33.9325,495362,33.9325
IGLN.UK,1/06/2020,34.0625,34.065,33.8025,34.025,362854,34.025
IGLN.UK,2/06/2020,33.97,34.14,33.8825,33.9025,528370,33.9025
IGLN.UK,3/06/2020,33.6875,33.725,33.04,33.2025,1093671,33.2025
IGLN.UK,4/06/2020,33.245,33.5825,33.23,33.4825,1162173,33.4825
IGLN.UK,5/06/2020,33.3975,33.485,32.6725,32.795,914920,32.795
IGLN.UK,8/06/2020,33.125,33.1925,32.97,33.0675,506235,33.0675
IGLN.UK,9/06/2020,33.1525,33.645,33.15,33.6,623181,33.6
IGLN.UK,10/06/2020,33.5775,33.775,33.505,33.5625,820959,33.5625
IGLN.UK,11/06/2020,33.9125,34.12,33.67,34.1,598819,34.1
IGLN.UK,12/06/2020,33.8825,34.085,33.8325,33.8775,585479,33.8775
IGLN.UK,15/06/2020,33.685,33.71,33.3325,33.67,431592,33.67
IGLN.UK,16/06/2020,33.7625,33.87,33.5525,33.7725,742931,33.7725
IGLN.UK,17/06/2020,33.8,33.8075,33.495,33.725,600587,33.725
IGLN.UK,18/06/2020,33.7325,34,33.575,33.71,536223,33.71
IGLN.UK,19/06/2020,33.8525,34.1375,33.7925,34.0625,1066890,34.0625
IGLN.UK,22/06/2020,34.2375,34.46,34.08,34.375,964281,34.375
IGLN.UK,23/06/2020,34.205,34.585,34.17,34.5325,908435,34.5325
IGLN.UK,24/06/2020,34.595,34.785,34.405,34.5375,904562,34.5375
IGLN.UK,25/06/2020,34.5375,34.58,34.34,34.3925,857141,34.3925
IGLN.UK,26/06/2020,34.4,34.5425,34.175,34.4825,782537,34.4825
IGLN.UK,29/06/2020,34.635,34.6925,34.53,34.6225,855224,34.6225
IGLN.UK,30/06/2020,34.665,34.91,34.5025,34.885,967303,34.885
IGLN.UK,1/07/2020,34.885,34.9825,34.3825,34.4475,981640,34.4475
IGLN.UK,2/07/2020,34.5725,34.8025,34.3775,34.785,858716,34.785
IGLN.UK,3/07/2020,34.7175,34.74,34.6775,34.72,142332,34.72
IGLN.UK,6/07/2020,34.7,34.9325,34.6825,34.8925,313087,34.8925
IGLN.UK,7/07/2020,34.8525,35.1175,34.685,35.0725,446038,35.0725
IGLN.UK,8/07/2020,35.08,35.53,35.0625,35.3925,1003570,35.3925
IGLN.UK,9/07/2020,35.465,35.4975,35.1175,35.215,1454034,35.215
IGLN.UK,10/07/2020,35.125,35.3875,35.1125,35.165,261519,35.165
IGLN.UK,13/07/2020,35.33,35.4475,35.255,35.3125,396345,35.3125
IGLN.UK,14/07/2020,35.21,35.4825,35,35.375,409912,35.375
IGLN.UK,15/07/2020,35.33,35.475,35.2375,35.3925,443295,35.3925
IGLN.UK,16/07/2020,35.3375,35.3575,35.24,35.295,736402,35.295
IGLN.UK,17/07/2020,35.1875,35.405,35.17,35.405,1041735,35.405
IGLN.UK,20/07/2020,35.3925,35.5775,35.3375,35.4875,260788,35.4875
IGLN.UK,21/07/2020,35.635,35.9925,35.6075,35.9675,528730,35.9675
IGLN.UK,22/07/2020,36.3525,36.4075,36.0975,36.405,733517,36.405
IGLN.UK,23/07/2020,36.665,37.065,36.56,37.065,1136656,37.065
IGLN.UK,24/07/2020,36.8975,37.2525,36.8975,37.1675,1716800,37.1675
IGLN.UK,27/07/2020,37.7875,38.025,37.7525,37.86,1079988,37.86
IGLN.UK,28/07/2020,37.92,38.215,37.275,38.215,2197711,38.215
IGLN.UK,29/07/2020,38.275,38.3475,37.96,38.215,1970423,38.215
IGLN.UK,30/07/2020,38.2475,38.3175,37.9,38.055,656175,38.055
IGLN.UK,31/07/2020,38.6325,38.7375,38.31,38.625,1553126,38.625
IGLN.UK,3/08/2020,38.5525,38.6325,38.33,38.5175,449276,38.5175
IGLN.UK,4/08/2020,38.57,39.035,38.425,39.035,1069596,39.035
IGLN.UK,5/08/2020,39.7275,40.1575,39.645,40.0425,882925,40.0425
IGLN.UK,6/08/2020,40.11,40.4275,39.8825,40.1275,758558,40.1275
IGLN.UK,7/08/2020,40.2175,40.3475,39.55,39.9125,685876,39.9125
IGLN.UK,10/08/2020,39.6575,40.0525,39.635,39.77,878109,39.77
IGLN.UK,11/08/2020,39.085,39.2025,37.8775,38.0025,1549707,38.0025
IGLN.UK,12/08/2020,37.425,38.0825,37.4025,37.925,925141,37.925
IGLN.UK,13/08/2020,37.755,38.135,37.5375,38.05,405196,38.05
IGLN.UK,14/08/2020,37.9975,38.2125,37.9625,38.0175,323789,38.0175
IGLN.UK,17/08/2020,38.185,38.8725,38.075,38.7925,816469,38.7925
IGLN.UK,18/08/2020,39.13,39.39,38.625,39.0525,1055934,39.0525
IGLN.UK,19/08/2020,38.825,39.0325,38.2,38.34,653869,38.34
IGLN.UK,20/08/2020,37.97,38.165,37.63,38.0925,1633952,38.0925
IGLN.UK,21/08/2020,38.085,38.085,37.36,37.89,1091919,37.89
IGLN.UK,24/08/2020,37.8475,38.3225,37.6975,37.7775,411374,37.7775
IGLN.UK,25/08/2020,37.7375,37.825,37.4275,37.4925,715331,37.4925
IGLN.UK,26/08/2020,37.4775,38.025,37.15,38.025,827567,38.025
IGLN.UK,27/08/2020,37.955,38.6025,37.3275,37.5575,1496846,37.5575
IGLN.UK,28/08/2020,38.03,38.5325,37.9925,38.5325,1619309,38.5325
IGLN.UK,1/09/2020,38.865,38.9375,38.4,38.6025,732910,38.6025
IGLN.UK,2/09/2020,38.4425,38.535,37.8725,37.995,1063131,37.995
IGLN.UK,3/09/2020,37.71,38.025,37.5925,37.6375,566540,37.6375
IGLN.UK,4/09/2020,37.815,37.94,37.4675,37.61,479707,37.61
IGLN.UK,7/09/2020,37.7325,37.795,37.61,37.725,722873,37.725
IGLN.UK,8/09/2020,37.75,37.785,37.3,37.6825,559518,37.6825
IGLN.UK,9/09/2020,37.6575,38.09,37.525,38.0475,1334754,38.0475
IGLN.UK,10/09/2020,37.9875,38.425,37.96,38.295,590107,38.295
IGLN.UK,11/09/2020,38.005,38.1825,37.9425,38.0975,408049,38.0975
IGLN.UK,14/09/2020,38.03,38.34,37.9175,38.33,444843,38.33
IGLN.UK,15/09/2020,38.365,38.5225,38.0775,38.16,1242869,38.16
IGLN.UK,16/09/2020,38.3275,38.56,38.2775,38.49,393100,38.49
IGLN.UK,17/09/2020,38.015,38.13,37.765,38.045,252390,38.045
IGLN.UK,18/09/2020,38.2025,38.22,38.0225,38.15,300517,38.15
IGLN.UK,21/09/2020,38.1425,38.1875,36.8,36.97,1018895,36.97
IGLN.UK,22/09/2020,37.2725,37.47,37.02,37.1275,1276722,37.1275
IGLN.UK,23/09/2020,36.76,37.03,36.4325,36.4625,1313224,36.4625
IGLN.UK,24/09/2020,36.22,36.51,36.145,36.4675,1348960,36.4675
IGLN.UK,25/09/2020,36.6025,36.6325,36.2,36.4675,1311589,36.4675
IGLN.UK,28/09/2020,36.365,36.6675,36.15,36.6075,277413,36.6075
IGLN.UK,29/09/2020,36.835,36.9875,36.685,36.9825,711911,36.9825
IGLN.UK,30/09/2020,36.9225,37.185,36.765,37.1225,517652,37.1225
IGLN.UK,1/10/2020,37.07,37.3425,36.9975,37.3425,715900,37.3425
IGLN.UK,2/10/2020,37.3875,37.4375,37.1,37.2425,326378,37.2425
IGLN.UK,5/10/2020,36.98,37.4925,36.9,37.4125,448299,37.4125
IGLN.UK,6/10/2020,37.345,37.5425,37.1575,37.1575,939431,37.1575
IGLN.UK,7/10/2020,37.0225,37.0525,36.7175,36.9175,479157,36.9175
IGLN.UK,8/10/2020,37.0325,37.1125,36.805,36.8925,526707,36.8925
IGLN.UK,9/10/2020,37.295,37.6925,37.295,37.6475,617745,37.6475
IGLN.UK,12/10/2020,37.65,37.69,37.515,37.545,545835,37.545
IGLN.UK,13/10/2020,37.4425,37.61,36.89,37.005,1088853,37.005
IGLN.UK,14/10/2020,37.07,37.37,37.01,37.3225,905976,37.3225
IGLN.UK,15/10/2020,37.085,37.2175,36.925,37.2175,882011,37.2175
IGLN.UK,16/10/2020,37.225,37.38,37.1,37.1175,935442,37.1175
IGLN.UK,19/10/2020,37.29,37.4875,37.1825,37.245,658960,37.245
IGLN.UK,20/10/2020,37.1475,37.35,37.1,37.3275,907393,37.3275
IGLN.UK,21/10/2020,37.4725,37.7325,37.42,37.6225,815781,37.6225
IGLN.UK,22/10/2020,37.4675,37.515,37.0175,37.1625,491228,37.1625
IGLN.UK,23/10/2020,37.26,37.4,37.0225,37.1025,537025,37.1025
IGLN.UK,26/10/2020,37.125,37.27,37.06,37.225,250768,37.225
IGLN.UK,27/10/2020,37.2075,37.3525,37.09,37.2975,249432,37.2975
IGLN.UK,28/10/2020,37.25,37.26,36.565,36.8175,375498,36.8175
IGLN.UK,29/10/2020,36.7825,36.7825,36.34,36.505,313318,36.505
IGLN.UK,30/10/2020,36.5975,36.9125,36.525,36.73,299879,36.73
IGLN.UK,2/11/2020,36.82,37.0125,36.7675,36.9675,347437,36.9675
IGLN.UK,3/11/2020,36.9525,37.3,36.9225,37.2425,159723,37.2425
IGLN.UK,4/11/2020,36.91,37.33,36.875,37.11,246520,37.11
IGLN.UK,5/11/2020,37.325,38.13,37.3025,37.96,2443645,37.96
IGLN.UK,6/11/2020,38.065,38.305,37.9,38.1575,411989,38.1575
IGLN.UK,9/11/2020,38.23,38.3475,36.1925,36.235,1034229,36.235
IGLN.UK,10/11/2020,36.84,36.935,36.5,36.77,2827637,36.77
IGLN.UK,11/11/2020,36.675,36.76,36.2675,36.4,3090041,36.4
IGLN.UK,12/11/2020,36.5125,36.8,36.4125,36.7,2011654,36.7
IGLN.UK,13/11/2020,36.6925,37.0325,36.65,36.9425,690955,36.9425
IGLN.UK,16/11/2020,36.955,37.06,36.4675,36.995,623708,36.995
IGLN.UK,17/11/2020,36.88,36.99,36.84,36.8775,442923,36.8775
IGLN.UK,18/11/2020,36.7875,36.82,36.4025,36.7525,831242,36.7525
IGLN.UK,19/11/2020,36.415,36.435,36.195,36.35,1860313,36.35
IGLN.UK,20/11/2020,36.47,36.72,36.405,36.6075,804046,36.6075
IGLN.UK,23/11/2020,36.6275,36.645,35.76,35.8125,856927,35.8125
IGLN.UK,24/11/2020,35.7125,35.77,35.175,35.3,1117590,35.3
IGLN.UK,25/11/2020,35.3675,35.51,35.295,35.3725,1483686,35.3725
IGLN.UK,26/11/2020,35.4675,35.5125,35.3,35.3775,624475,35.3775
IGLN.UK,27/11/2020,35.3675,35.3725,34.67,35.0025,1267100,35.0025
IGLN.UK,30/11/2020,34.7975,34.845,34.49,34.845,632199,34.845
IGLN.UK,1/12/2020,34.96,35.4425,34.9525,35.3925,883347,35.3925
IGLN.UK,2/12/2020,35.4575,35.7925,35.42,35.72,832814,35.72
IGLN.UK,3/12/2020,36.0025,36.05,35.6325,35.7725,766448,35.7725
IGLN.UK,4/12/2020,35.9275,36.105,35.73,35.82,686228,35.82
IGLN.UK,7/12/2020,35.755,36.495,35.6125,36.4375,945556,36.4375
IGLN.UK,8/12/2020,36.4425,36.63,36.345,36.5125,1023027,36.5125
IGLN.UK,9/12/2020,36.335,36.4575,35.93,36.105,855026,36.105
IGLN.UK,10/12/2020,35.9,36.1425,35.72,35.88,407553,35.88
IGLN.UK,11/12/2020,35.825,36.09,35.6875,36.015,473081,36.015
IGLN.UK,14/12/2020,35.8175,35.9225,35.53,35.68,562204,35.68
IGLN.UK,15/12/2020,36.005,36.24,35.94,36.0875,444432,36.0875
IGLN.UK,16/12/2020,36.23,36.4325,36.1475,36.2425,344414,36.2425
IGLN.UK,17/12/2020,36.62,37.01,36.58,36.8625,475603,36.8625
IGLN.UK,18/12/2020,36.745,36.9325,36.68,36.7725,345810,36.7725
IGLN.UK,21/12/2020,37.01,37.0975,36.195,36.7375,436859,36.7375
IGLN.UK,22/12/2020,36.53,36.7575,36.365,36.475,267701,36.475
IGLN.UK,23/12/2020,36.47,36.685,36.3025,36.5775,235978,36.5775
IGLN.UK,24/12/2020,36.6625,36.7425,36.57,36.6225,45103,36.6225
IGLN.UK,29/12/2020,36.7325,36.83,36.585,36.83,291788,36.83
IGLN.UK,30/12/2020,36.71,36.9,36.6525,36.8675,50264,36.8675
IGLN.UK,31/12/2020,36.985,37.02,36.9425,36.9675,23830,36.9675
IGLN.UK,4/01/2021,37.615,37.97,37.4975,37.92,227171,37.92
IGLN.UK,5/01/2021,37.895,38.1325,37.895,38.0625,1457683,38.0625
IGLN.UK,6/01/2021,38.05,38.2575,37.14,37.255,928531,37.255
IGLN.UK,7/01/2021,37.5025,37.55,37.255,37.4175,164473,37.4175
IGLN.UK,8/01/2021,37.2075,37.5,36.16,36.3725,328763,36.3725
IGLN.UK,11/01/2021,36.08,36.2325,35.7475,36.105,284204,36.105
IGLN.UK,12/01/2021,36.3,36.4,35.9025,36.0375,380657,36.0375
IGLN.UK,13/01/2021,36.2725,36.3375,36.135,36.2925,220437,36.2925
IGLN.UK,14/01/2021,35.99,36.1475,35.9,36.0725,304166,36.0725
IGLN.UK,15/01/2021,36.1825,36.26,35.6325,35.75,527581,35.75
IGLN.UK,18/01/2021,35.8275,35.92,35.74,35.9075,142439,35.9075
IGLN.UK,19/01/2021,35.9175,36.0375,35.825,35.99,225394,35.99
IGLN.UK,20/01/2021,36.2325,36.52,35.82,36.4225,257062,36.4225
IGLN.UK,21/01/2021,36.475,36.575,36.325,36.4125,496170,36.4125
IGLN.UK,22/01/2021,36.355,36.415,35.895,36.24,307932,36.24
IGLN.UK,25/01/2021,36.2,36.4675,36.095,36.1925,248076,36.1925
IGLN.UK,26/01/2021,36.235,36.325,36.1125,36.225,5001872,36.225
IGLN.UK,27/01/2021,36.1575,36.18,35.785,36.11,1945204,36.11
IGLN.UK,28/01/2021,35.8575,36.4,35.8475,36.26,1975058,36.26
IGLN.UK,29/01/2021,36.045,36.6275,36,36.285,594761,36.285
IGLN.UK,1/02/2021,36.3725,36.5325,36.27,36.3525,488217,36.3525
IGLN.UK,2/02/2021,36.105,36.19,35.7575,35.885,170826,35.885
IGLN.UK,3/02/2021,35.8875,35.975,35.745,35.885,257208,35.885
IGLN.UK,4/02/2021,35.67,35.6775,34.865,34.9525,823755,34.9525
IGLN.UK,5/02/2021,35.13,35.3675,35,35.35,1176292,35.35
IGLN.UK,8/02/2021,35.4375,35.9025,35.3075,35.82,527275,35.82
IGLN.UK,9/02/2021,36.0025,36.1,35.8,35.9025,428429,35.9025
IGLN.UK,10/02/2021,36.0625,36.2675,35.8325,35.93,242049,35.93
IGLN.UK,11/02/2021,36.005,36.0675,35.86,35.86,222721,35.86
IGLN.UK,12/02/2021,35.485,35.72,35.375,35.7,197228,35.7
IGLN.UK,15/02/2021,35.4975,35.6225,35.48,35.5475,363098,35.5475
IGLN.UK,16/02/2021,35.5675,35.65,34.95,35.2425,300316,35.2425
IGLN.UK,17/02/2021,34.9575,35.0475,34.5225,34.6625,916058,34.6625
IGLN.UK,18/02/2021,34.865,34.93,34.5375,34.685,462939,34.685
IGLN.UK,19/02/2021,34.635,34.95,34.5225,34.895,225161,34.895
IGLN.UK,22/02/2021,35.04,35.37,34.98,35.35,349442,35.35
IGLN.UK,23/02/2021,35.3275,35.4,35.095,35.28,474043,35.28
IGLN.UK,24/02/2021,35.255,35.3625,34.835,35.1475,321566,35.1475
IGLN.UK,25/02/2021,35.04,35.075,34.5725,34.735,790471,34.735
IGLN.UK,26/02/2021,34.3675,34.5475,33.59,33.72,953723,33.72
IGLN.UK,1/03/2021,34.3,34.3,33.7975,33.9025,474004,33.9025
IGLN.UK,2/03/2021,33.5625,33.8925,33.5075,33.785,547077,33.785
IGLN.UK,3/03/2021,33.84,33.8575,33.2475,33.6525,2045818,33.6525
IGLN.UK,4/03/2021,33.54,33.65,33.3225,33.5375,928412,33.5375
IGLN.UK,5/03/2021,33.135,33.31,32.95,33.1175,389794,33.1175
IGLN.UK,8/03/2021,33.185,33.2075,32.7525,32.8125,947964,32.8125
IGLN.UK,9/03/2021,33.1325,33.6,33.105,33.4825,1974588,33.4825
IGLN.UK,10/03/2021,33.49,33.6525,33.3575,33.53,314514,33.53
IGLN.UK,11/03/2021,33.9225,33.975,33.5825,33.645,180793,33.645
IGLN.UK,12/03/2021,33.4175,33.48,33.185,33.4625,189560,33.4625
IGLN.UK,15/03/2021,33.6525,33.8675,33.6525,33.77,269202,33.77
IGLN.UK,16/03/2021,33.785,34,33.735,33.78,185312,33.78
IGLN.UK,17/03/2021,33.8825,33.9175,33.67,33.735,229972,33.735
IGLN.UK,18/03/2021,33.97,33.98,33.6075,33.875,183084,33.875
IGLN.UK,19/03/2021,34.0325,34.0625,33.8425,33.985,663764,33.985
IGLN.UK,22/03/2021,33.7625,33.9675,33.745,33.9675,110230,33.9675
IGLN.UK,23/03/2021,33.9225,34.02,33.6825,33.7325,380505,33.7325
IGLN.UK,24/03/2021,33.7675,33.935,33.7475,33.9025,391656,33.9025
IGLN.UK,25/03/2021,33.8325,34.0775,33.6925,33.8275,479392,33.8275
IGLN.UK,26/03/2021,33.715,33.865,33.6625,33.8525,92555,33.8525
IGLN.UK,29/03/2021,33.695,33.7475,33.3225,33.4175,155663,33.4175
IGLN.UK,30/03/2021,33.2225,33.295,32.8,32.88,221441,32.88
IGLN.UK,31/03/2021,32.935,33.3075,32.855,33.275,212861,33.275
IGLN.UK,1/04/2021,33.485,33.785,33.41,33.7575,213683,33.7575
IGLN.UK,6/04/2021,33.7575,34.07,33.7425,34.0675,219658,34.0675
IGLN.UK,7/04/2021,34.01,34.0275,33.7975,33.9825,301438,33.9825
IGLN.UK,8/04/2021,34.0475,34.36,34.015,34.2625,187876,34.2625
IGLN.UK,9/04/2021,34.1525,34.1525,33.805,34.0525,312780,34.0525
IGLN.UK,12/04/2021,33.9925,34.0475,33.79,33.86,154845,33.86
IGLN.UK,13/04/2021,33.6875,34.1475,33.66,34.055,150684,34.055
IGLN.UK,14/04/2021,34.115,34.15,33.85,33.8875,487567,33.8875
IGLN.UK,15/04/2021,34.095,34.52,34.055,34.5075,477788,34.5075
IGLN.UK,16/04/2021,34.4125,34.8225,34.4,34.7325,201267,34.7325
IGLN.UK,19/04/2021,34.765,34.9525,34.51,34.6325,299013,34.6325
IGLN.UK,20/04/2021,34.54,34.73,34.4375,34.675,251954,34.675
IGLN.UK,21/04/2021,34.905,35.0875,34.7125,35.0425,297965,35.0425
IGLN.UK,22/04/2021,34.9825,35.02,34.76,34.7825,367124,34.7825
IGLN.UK,23/04/2021,34.8525,35.06,34.565,34.685,330544,34.685
IGLN.UK,26/04/2021,34.685,34.8,34.5625,34.72,241578,34.72
IGLN.UK,27/04/2021,34.7575,34.8575,34.685,34.7325,351163,34.7325
IGLN.UK,28/04/2021,34.525,34.655,34.4275,34.655,343757,34.655
IGLN.UK,29/04/2021,34.7275,34.7875,34.3,34.535,293061,34.535
IGLN.UK,30/04/2021,34.595,34.665,34.44,34.5075,194929,34.5075
IGLN.UK,4/05/2021,35.0325,35.195,34.65,34.84,881131,34.84
IGLN.UK,5/05/2021,34.6825,34.8425,34.5775,34.8125,340534,34.8125
IGLN.UK,6/05/2021,35.02,35.4925,34.9375,35.46,745841,35.46
IGLN.UK,7/05/2021,35.485,35.9775,35.485,35.81,770554,35.81
IGLN.UK,10/05/2021,35.835,36.02,35.7975,35.9275,479592,35.9275
IGLN.UK,11/05/2021,35.8075,35.96,35.495,35.765,611950,35.765
